season,market,method,bets,settled,pushes,win_rate,units,roi
2022,spread,isotonic_v26,111,108,3,0.5555555555555556,10.739134922580025,0.09943643446833356
2023,spread,isotonic_v26,34,32,2,0.53125,1.3535070593894134,0.04229709560591917
2024,spread,isotonic_v26,17,17,0,0.5882352941176471,2.5561497326203213,0.15036174897766597
2025,spread,isotonic_v26,12,12,0,0.3333333333333333,-3.969607843137255,-0.33080065359477123
2022,spread,platt_v32,60,57,3,0.47368421052631576,-2.7623344577406703,-0.04846200803053807
2023,spread,platt_v32,8,7,1,0.42857142857142855,-1.0868347338935571,-0.15526210484193673
2024,spread,platt_v32,2,2,0,0.5,0.0,0.0
2025,spread,platt_v32,6,6,0,0.5,0.10000000000000009,0.01666666666666668
2022,spread,raw,131,129,2,0.5348837209302325,7.160553234716239,0.0555081646102034
2023,spread,raw,127,118,9,0.4745762711864407,-10.189660548855136,-0.08635305549877234
2024,spread,raw,136,134,2,0.5298507462686567,2.8995864651474488,0.02163870496378693
2025,spread,raw,137,137,0,0.48175182481751827,-9.47556683630852,-0.0691647214329089
2022,total,isotonic_v26,48,48,0,0.4791666666666667,-2.5952225590922784,-0.0540671366477558
2023,total,isotonic_v26,16,16,0,0.5,-0.6093073593073587,-0.03808170995670992
2024,total,isotonic_v26,1,1,0,1.0,0.9523809523809524,0.9523809523809524
2025,total,isotonic_v26,10,10,0,0.8,5.785017117958294,0.5785017117958293
2022,total,platt_v32,16,16,0,0.4375,-2.0541915256386774,-0.12838697035241733
2023,total,platt_v32,5,5,0,0.6,0.8614718614718616,0.17229437229437233
2024,total,platt_v32,1,1,0,1.0,0.9523809523809524,0.9523809523809524
2025,total,platt_v32,5,5,0,1.0,4.98078431372549,0.996156862745098
2022,total,raw,86,86,0,0.5348837209302325,4.464925055556337,0.05191773320414346
2023,total,raw,57,56,1,0.5535714285714286,3.405603655603658,0.06081435099292247
2024,total,raw,52,52,0,0.5192307692307693,-0.2756203491497593,-0.005300391329803063
2025,total,raw,52,52,0,0.5769230769230769,6.304808544648592,0.12124631816631909
