market,raw_probability_cutoff,method,rows,avg_raw_probability,avg_method_probability,actual_win_rate,method_minus_actual
spread,0.55,isotonic_v26,639,0.6261231509826906,0.5457297781732845,0.5070422535211268,0.038687524652157745
spread,0.55,platt_v32,639,0.6261231509826906,0.5208987564715041,0.5070422535211268,0.013856502950377325
spread,0.55,raw,639,0.6261231509826906,0.6261231509826906,0.5070422535211268,0.1190808974615638
spread,0.6,isotonic_v26,378,0.6615357326671962,0.5606941351183252,0.5185185185185185,0.04217561659980673
spread,0.6,platt_v32,378,0.6615357326671962,0.5269178017703012,0.5185185185185185,0.008399283251782741
spread,0.6,raw,378,0.6615357326671962,0.6615357326671962,0.5185185185185185,0.14301721414867774
spread,0.65,isotonic_v26,182,0.7016693640473995,0.5759989179396164,0.5274725274725275,0.04852639046708895
spread,0.65,platt_v32,182,0.7016693640473995,0.536360489538752,0.5274725274725275,0.008887962066224553
spread,0.65,raw,182,0.7016693640473995,0.7016693640473995,0.5274725274725275,0.17419683657487206
spread,0.7,isotonic_v26,66,0.7535048565991765,0.591467747885351,0.5303030303030303,0.06116471758232067
spread,0.7,platt_v32,66,0.7535048565991765,0.5497130209367624,0.5303030303030303,0.019409990633732166
spread,0.7,raw,66,0.7535048565991765,0.7535048565991765,0.5303030303030303,0.22320182629614627
total,0.55,isotonic_v26,600,0.6129461320411422,0.5699881703625623,0.5233333333333333,0.04665483702922901
total,0.55,platt_v32,600,0.6129461320411422,0.5426941958940188,0.5233333333333333,0.019360862560685477
total,0.55,raw,600,0.6129461320411422,0.6129461320411422,0.5233333333333333,0.08961279870780892
total,0.6,isotonic_v26,318,0.64780991775216,0.5845958025360826,0.5220125786163522,0.06258322391973037
total,0.6,platt_v32,318,0.64780991775216,0.5572806656987922,0.5220125786163522,0.03526808708244
total,0.6,raw,318,0.64780991775216,0.64780991775216,0.5220125786163522,0.12579733913580782
total,0.65,isotonic_v26,129,0.6833162027330041,0.611499643895549,0.5426356589147286,0.06886398498082036
total,0.65,platt_v32,129,0.6833162027330041,0.5713193332397553,0.5426356589147286,0.02868367432502661
total,0.65,raw,129,0.6833162027330041,0.6833162027330041,0.5426356589147286,0.14068054381827544
total,0.7,isotonic_v26,32,0.7213724207972199,0.656977882916671,0.5625,0.09447788291667103
total,0.7,platt_v32,32,0.7213724207972199,0.5895534373958542,0.5625,0.027053437395854196
total,0.7,raw,32,0.7213724207972199,0.7213724207972199,0.5625,0.15887242079721986
