market,method,bin,bin_low,bin_high,rows,avg_probability,actual_win_rate,calibration_gap
spread,isotonic_v26,1,0.0,0.1,2,0.0,1.0,-1.0
spread,isotonic_v26,3,0.2,0.30000000000000004,5,0.26820390588038256,0.6,-0.3317960941196174
spread,isotonic_v26,4,0.30000000000000004,0.4,35,0.3664273190949772,0.5714285714285714,-0.20500125233359417
spread,isotonic_v26,5,0.4,0.5,624,0.46080145630248015,0.4951923076923077,-0.03439085138982756
spread,isotonic_v26,6,0.5,0.6000000000000001,1126,0.5217228164007569,0.5026642984014209,0.019058517999336
spread,isotonic_v26,7,0.6000000000000001,0.7000000000000001,35,0.6335726809050227,0.42857142857142855,0.20500125233359417
spread,isotonic_v26,8,0.7000000000000001,0.8,5,0.7317960941196174,0.4,0.3317960941196174
spread,isotonic_v26,10,0.9,1.0,2,1.0,0.0,1.0
spread,platt_v32,3,0.2,0.30000000000000004,1,0.2741935483870967,0.0,0.2741935483870967
spread,platt_v32,4,0.30000000000000004,0.4,16,0.3669066603156913,0.625,-0.2580933396843087
spread,platt_v32,5,0.4,0.5,896,0.4851294534404879,0.49107142857142855,-0.0059419751309406355
spread,platt_v32,6,0.5,0.6000000000000001,904,0.5147389488023483,0.5088495575221239,0.005889391280224365
spread,platt_v32,7,0.6000000000000001,0.7000000000000001,16,0.633093339684309,0.375,0.25809333968430903
spread,platt_v32,8,0.7000000000000001,0.8,1,0.7258064516129032,1.0,-0.27419354838709675
spread,raw,1,0.0,0.1,1,0.0854700854700854,0.0,0.0854700854700854
spread,raw,2,0.1,0.2,8,0.15088701223212259,0.5,-0.3491129877678774
spread,raw,3,0.2,0.30000000000000004,57,0.2627388294934612,0.47368421052631576,-0.21094538103285454
spread,raw,4,0.30000000000000004,0.4,310,0.3576477857656306,0.4870967741935484,-0.1294489884279178
spread,raw,5,0.4,0.5,537,0.449916411799679,0.4860335195530726,-0.03611710775339361
spread,raw,6,0.5,0.6000000000000001,545,0.5493484162634354,0.5137614678899083,0.03558694837352716
spread,raw,7,0.6000000000000001,0.7000000000000001,310,0.6423522142343694,0.5129032258064516,0.12944898842791774
spread,raw,8,0.7000000000000001,0.8,57,0.7372611705065387,0.5263157894736842,0.21094538103285454
spread,raw,9,0.8,0.9,8,0.8491129877678774,0.5,0.34911298776787736
spread,raw,10,0.9,1.0,1,0.9145299145299144,1.0,-0.08547008547008561
total,isotonic_v26,1,0.0,0.1,2,0.0,1.0,-1.0
total,isotonic_v26,3,0.2,0.30000000000000004,3,0.26375168861870985,0.6666666666666666,-0.4029149780479568
total,isotonic_v26,4,0.30000000000000004,0.4,73,0.3648425672276128,0.4657534246575342,-0.1009108574299214
total,isotonic_v26,5,0.4,0.5,727,0.45272467992618814,0.4855570839064649,-0.03283240398027676
total,isotonic_v26,6,0.5,0.6000000000000001,979,0.5351063919240666,0.5107252298263534,0.024381162097713238
total,isotonic_v26,7,0.6000000000000001,0.7000000000000001,73,0.6351574327723872,0.5342465753424658,0.10091085742992145
total,isotonic_v26,8,0.7000000000000001,0.8,3,0.7362483113812902,0.3333333333333333,0.4029149780479569
total,isotonic_v26,10,0.9,1.0,2,1.0,0.0,1.0
total,platt_v32,4,0.30000000000000004,0.4,25,0.37480797556898987,0.56,-0.18519202443101018
total,platt_v32,5,0.4,0.5,905,0.4719873886878754,0.4685082872928177,0.0034791013950576932
total,platt_v32,6,0.5,0.6000000000000001,907,0.5279508414966624,0.5314222712238148,-0.0034714297271524197
total,platt_v32,7,0.6000000000000001,0.7000000000000001,25,0.6251920244310099,0.44,0.18519202443100985
total,raw,2,0.1,0.2,1,0.1576354679802955,1.0,-0.8423645320197045
total,raw,3,0.2,0.30000000000000004,31,0.2825305505325378,0.41935483870967744,-0.13682428817713965
total,raw,4,0.30000000000000004,0.4,285,0.3602819776151725,0.4807017543859649,-0.12041977677079241
total,raw,5,0.4,0.5,613,0.45334526153587323,0.46818923327895595,-0.014843971743082718
total,raw,6,0.5,0.6000000000000001,615,0.5465030157374141,0.5317073170731708,0.01479569866424335
total,raw,7,0.6000000000000001,0.7000000000000001,285,0.6397180223848276,0.519298245614035,0.12041977677079252
total,raw,8,0.7000000000000001,0.8,31,0.7174694494674625,0.5806451612903226,0.13682428817713987
total,raw,9,0.8,0.9,1,0.8423645320197044,0.0,0.8423645320197044
