market,edge_bucket,bets,settled,win_rate,units,roi,avg_edge,avg_line_edge
spread,<=0%,556,541,0.48613678373382624,-34.29442252606697,-0.06339079949365428,-0.012611050581523078,1.0728900359086673
spread,0-1%,124,123,0.5853658536585366,17.037074508327706,0.13851280088071305,0.00500638663881582,2.373081595159231
spread,1-2%,74,72,0.5416666666666666,4.2097431472352085,0.05846865482271123,0.013202867872758922,2.836367103434543
spread,2-3%,37,35,0.5142857142857142,0.5961244893411706,0.017032128266890587,0.02423229519648238,3.0704599349105663
spread,3-5%,62,59,0.4406779661016949,-7.848877978196986,-0.13303183013893197,0.038125925047224035,2.0941542253722485
spread,5-7.5%,77,75,0.5066666666666667,-1.5240880473866367,-0.020321173965155155,0.06381069308706087,3.712712506880856
spread,7.5-10%,56,54,0.46296296296296297,-5.612565573709321,-0.10393639951313557,0.0846357602230939,4.453313129542785
spread,10%+,101,99,0.5353535353535354,4.128170372474585,0.04169869063105642,0.16908630166802094,5.618700833470054
total,<=0%,712,708,0.5098870056497176,-12.7416951389601,-0.017996744546553815,-0.018171282320103548,0.7779667052352539
total,0-1%,63,62,0.5,-1.314396647849879,-0.021199945933062563,0.004434404207407464,1.6717735269676932
total,1-2%,29,28,0.5714285714285714,2.9448181624222514,0.10517207722936613,0.015181356615586594,1.9046947490929893
total,2-3%,27,27,0.5925925925925926,3.9847207175870016,0.1475822487995186,0.026393247403307566,2.4375391585197543
total,3-5%,65,65,0.49230769230769234,-3.1555477626111688,-0.048546888655556446,0.04021672017885927,3.090956193492643
total,5-7.5%,71,70,0.5285714285714286,1.0116451888150724,0.014452074125929606,0.058916763051636414,4.95081114728342
total,7.5-10%,31,31,0.45161290322580644,-3.8207840328169125,-0.12325109783280362,0.08723943003430644,3.9606978282537306
total,10%+,89,88,0.5227272727272727,1.5638659749627155,0.01777120426093995,0.15174541324468716,5.907428596683725
