market,gap_bucket,games,avg_abs_model_gap,market_error_same_direction_rate,avg_actual_market_residual_when_model_disagrees,avg_anchor_weight
spread,0-1,177,0.5046290752393117,0.4632768361581921,-0.9011299435028248,0.11755302387926873
spread,1-2,180,1.5214236625105482,0.5333333333333333,1.125,0.11387288830008965
spread,2-3,143,2.4567030719503373,0.44755244755244755,-0.6398601398601399,0.12269126933013552
spread,3-5,163,3.8647941905432917,0.5214723926380368,0.003067484662576687,0.1109697271841492
spread,5-7.5,71,5.884784374369626,0.49295774647887325,0.5211267605633803,0.12857878690531055
spread,7.5-10,14,8.264840916484687,0.5,-2.6785714285714284,0.08803715885916616
spread,10+,7,12.091355059286101,0.5714285714285714,-6.142857142857143,0.11204036446388413
total,0-1,190,0.48119923488574173,0.5368421052631579,0.07105263157894737,0.16841590938316525
total,1-2,183,1.515627663156065,0.43169398907103823,-1.3060109289617485,0.15845143960743566
total,2-3,136,2.4560669740282104,0.5294117647058824,0.38235294117647056,0.16504121146685768
total,3-5,174,3.8723350111571047,0.5114942528735632,0.5258620689655172,0.16542943022786
total,5-7.5,61,6.189392165201018,0.6065573770491803,4.983606557377049,0.16217497101345163
total,7.5-10,10,8.310084031829023,0.6,2.3,0.17627142894353173
total,10+,1,12.312764211872974,0.0,-14.5,0.13309586562341819
