game_id,away_team,home_team,books_in_consensus,current_consensus_total,min_book_total,max_book_total,model_total,latest_quote_at,best_over_line,best_over_odds,best_over_book,best_under_line,best_under_odds,best_under_book,shadow_stack_total_current_proxy,shadow_gap_vs_current_consensus,shadow_direction,historical_market_timing,live_market_timing,timing_matched_to_training,snapshot_label,shadow_only,production_action,snapshot_created_utc
2026_03_ARI_SF,ARI,SF,7,48.5,47.5,48.5,49.09124470858848,2026-09-27 17:07:05+00:00,47.5,-113.0,BetRivers,48.5,-110.0,BetMGM,49.2246882964931,0.724688296493099,OVER,closing_alias,current_multibook_consensus_proxy,False,current,True,NO_CHANGE_TO_V3_1,2026-09-27T17:07:18.511602+00:00
2026_03_CAR_CLE,CAR,CLE,7,40.5,40.5,41.5,42.58377000086763,2026-09-27 17:07:04+00:00,40.5,-108.0,BetMGM,41.5,-121.0,DraftKings,41.28540137860142,0.7854013786014207,OVER,closing_alias,current_multibook_consensus_proxy,False,current,True,NO_CHANGE_TO_V3_1,2026-09-27T17:07:18.511602+00:00
2026_03_CIN_PIT,CIN,PIT,7,43.5,42.5,43.5,42.58381857597328,2026-09-27 17:07:05+00:00,42.5,-118.0,BetMGM,43.5,-118.0,BetRivers,43.81957451841068,0.31957451841068263,OVER,closing_alias,current_multibook_consensus_proxy,False,current,True,NO_CHANGE_TO_V3_1,2026-09-27T17:07:18.511602+00:00
2026_03_KC_MIA,KC,MIA,7,50.5,49.0,51.5,43.019734344674106,2026-09-27 17:07:05+00:00,49.0,-117.0,BetRivers,51.5,-120.0,theScore Bet,49.81177069137554,-0.6882293086244573,UNDER,closing_alias,current_multibook_consensus_proxy,False,current,True,NO_CHANGE_TO_V3_1,2026-09-27T17:07:18.511602+00:00
2026_03_LAC_BUF,LAC,BUF,7,52.5,51.5,53.0,47.854093506264384,2026-09-27 17:07:04+00:00,51.5,-120.0,Hard Rock Bet,53.0,-115.0,BetRivers,52.378953407745534,-0.12104659225446568,UNDER,closing_alias,current_multibook_consensus_proxy,False,current,True,NO_CHANGE_TO_V3_1,2026-09-27T17:07:18.511602+00:00
2026_03_LA_DEN,LA,DEN,7,44.0,43.5,44.5,44.328446345504936,2026-09-27 17:07:05+00:00,43.5,-120.0,theScore Bet,44.5,-115.0,FanDuel,44.55869475950447,0.5586947595044691,OVER,closing_alias,current_multibook_consensus_proxy,False,current,True,NO_CHANGE_TO_V3_1,2026-09-27T17:07:18.511602+00:00
2026_03_LV_NO,LV,NO,7,43.5,43.5,44.0,44.38030571443832,2026-09-27 17:07:05+00:00,43.5,-110.0,theScore Bet,44.0,-112.0,Bally Bet,44.14574977221359,0.6457497722135912,OVER,closing_alias,current_multibook_consensus_proxy,False,current,True,NO_CHANGE_TO_V3_1,2026-09-27T17:07:18.511602+00:00
2026_03_MIN_TB,MIN,TB,7,42.5,42.5,42.5,39.97559695893027,2026-09-27 17:07:05+00:00,42.5,-105.0,DraftKings,42.5,-105.0,FanDuel,42.501297031209795,0.0012970312097948522,OVER,closing_alias,current_multibook_consensus_proxy,False,current,True,NO_CHANGE_TO_V3_1,2026-09-27T17:07:18.511602+00:00
2026_03_NE_JAX,NE,JAX,7,45.5,45.5,46.5,46.61806650264528,2026-09-27 17:07:05+00:00,45.5,-110.0,Hard Rock Bet,46.5,-120.0,BetMGM,46.24148679029366,0.7414867902936635,OVER,closing_alias,current_multibook_consensus_proxy,False,current,True,NO_CHANGE_TO_V3_1,2026-09-27T17:07:18.511602+00:00
2026_03_NYJ_DET,NYJ,DET,7,47.5,47.5,48.5,52.42128393204744,2026-09-27 17:07:04+00:00,47.5,-110.0,BetMGM,48.5,-120.0,theScore Bet,48.98457813669849,1.484578136698488,OVER,closing_alias,current_multibook_consensus_proxy,False,current,True,NO_CHANGE_TO_V3_1,2026-09-27T17:07:18.511602+00:00
2026_03_PHI_CHI,PHI,CHI,7,41.5,41.5,42.0,48.35348828985398,2026-09-27 17:07:05+00:00,41.5,-105.0,DraftKings,42.0,-112.0,Bally Bet,43.17768908679907,1.6776890867990701,OVER,closing_alias,current_multibook_consensus_proxy,False,current,True,NO_CHANGE_TO_V3_1,2026-09-27T17:07:18.511602+00:00
2026_03_SEA_WAS,SEA,WAS,7,39.5,38.5,39.5,44.33904876807073,2026-09-27 17:07:05+00:00,38.5,-113.0,BetRivers,39.5,100.0,FanDuel,40.75937328457829,1.2593732845782881,OVER,closing_alias,current_multibook_consensus_proxy,False,current,True,NO_CHANGE_TO_V3_1,2026-09-27T17:07:18.511602+00:00
2026_03_TEN_NYG,TEN,NYG,7,38.5,38.0,40.5,45.20496809488853,2026-09-27 17:07:04+00:00,38.0,-114.0,BetRivers,40.5,-117.0,DraftKings,40.071870591055635,1.5718705910556352,OVER,closing_alias,current_multibook_consensus_proxy,False,current,True,NO_CHANGE_TO_V3_1,2026-09-27T17:07:18.511602+00:00
