game_id,away_team,home_team,market_type,side,probability,odds,break_even,edge,home_spread,market_total,model_margin,model_total,model_home_score,model_away_score
2026_03_TEN_NYG,TEN,NYG,total_over,OVER,0.776,-110,0.5238095238095238,0.2521904761904762,-2.5,39.5,4.26824818675047,49.5977087212718,26.932978454011135,22.664730267260666
2026_03_KC_MIA,KC,MIA,spread_home,MIA,0.756,-110,0.5238095238095238,0.23219047619047617,11.5,45.5,-3.9226898625437987,47.92853323767958,22.00292168756789,25.92561155011169
2026_03_NYJ_DET,NYJ,DET,total_over,OVER,0.713,-110,0.5238095238095238,0.18919047619047613,-6.5,47.5,6.1878820615633625,55.33480699942881,30.761344530496086,24.57346246893272
2026_03_HOU_IND,HOU,IND,total_over,OVER,0.681,-110,0.5238095238095238,0.1571904761904762,3.0,42.5,1.7860070967271733,49.22667885641663,25.506342976571904,23.72033587984473
2026_03_HOU_IND,HOU,IND,spread_home,IND,0.674,-110,0.5238095238095238,0.1501904761904762,3.0,42.5,1.7860070967271733,49.22667885641663,25.506342976571904,23.72033587984473
2026_03_SEA_WAS,SEA,WAS,total_over,OVER,0.643,-110,0.5238095238095238,0.11919047619047618,7.0,40.5,-5.070657955232825,46.07282506209478,20.501083553430977,25.571741508663802
2026_03_BAL_DAL,BAL,DAL,spread_home,DAL,0.638,-110,0.5238095238095238,0.11419047619047618,3.5,52.5,-0.19911095842458715,56.99194428029875,28.39641666093708,28.595527619361672
2026_03_CAR_CLE,CAR,CLE,spread_home,CLE,0.632,-110,0.5238095238095238,0.10819047619047617,2.5,42.5,0.5276992270374893,46.524370214860674,23.52603472094908,22.998335493911593
2026_03_CIN_PIT,CIN,PIT,total_over,OVER,0.626,-110,0.5238095238095238,0.10219047619047616,3.5,42.5,-1.5935048345384435,47.315185756729434,22.860840461095496,24.45434529563394
2026_03_BAL_DAL,BAL,DAL,total_over,OVER,0.612,-110,0.5238095238095238,0.08819047619047615,3.5,52.5,-0.19911095842458715,56.99194428029875,28.39641666093708,28.595527619361672
2026_03_CAR_CLE,CAR,CLE,total_over,OVER,0.602,-110,0.5238095238095238,0.07819047619047614,2.5,42.5,0.5276992270374893,46.524370214860674,23.52603472094908,22.998335493911593
2026_03_CIN_PIT,CIN,PIT,spread_home,PIT,0.587,-110,0.5238095238095238,0.06319047619047613,3.5,42.5,-1.5935048345384435,47.315185756729434,22.860840461095496,24.45434529563394
2026_03_SEA_WAS,SEA,WAS,spread_home,WAS,0.587,-110,0.5238095238095238,0.06319047619047613,7.0,40.5,-5.070657955232825,46.07282506209478,20.501083553430977,25.571741508663802
2026_03_TEN_NYG,TEN,NYG,spread_home,NYG,0.581,-110,0.5238095238095238,0.057190476190476125,-2.5,39.5,4.26824818675047,49.5977087212718,26.932978454011135,22.664730267260666
2026_03_NE_JAX,NE,JAX,spread_home,JAX,0.58,-110,0.5238095238095238,0.056190476190476124,-3.0,45.5,4.731691496775181,47.73765075479535,26.234671125785262,21.502979629010085
2026_03_ARI_SF,ARI,SF,spread_home,SF,0.562,-110,0.5238095238095238,0.03819047619047622,-8.5,47.5,9.706301327653343,48.87647363466576,29.29138748115955,19.585086153506207
2026_03_LAC_BUF,LAC,BUF,spread_away,LAC,0.558,-110,0.5238095238095238,0.034190476190476216,-7.0,50.5,5.298459813383339,51.32466590735865,28.311562860370994,23.013103046987656
2026_03_MIN_TB,MIN,TB,total_over,OVER,0.553,-110,0.5238095238095238,0.02919047619047621,1.5,42.5,-2.876346841620381,45.26190819630925,21.192780677344434,24.069127518964816
2026_03_KC_MIA,KC,MIA,total_over,OVER,0.549,-110,0.5238095238095238,0.025190476190476208,11.5,45.5,-3.9226898625437987,47.92853323767958,22.00292168756789,25.92561155011169
2026_03_MIN_TB,MIN,TB,spread_away,MIN,0.542,-110,0.5238095238095238,0.0181904761904762,1.5,42.5,-2.876346841620381,45.26190819630925,21.192780677344434,24.069127518964816
2026_03_NE_JAX,NE,JAX,total_over,OVER,0.542,-110,0.5238095238095238,0.0181904761904762,-3.0,45.5,4.731691496775181,47.73765075479535,26.234671125785262,21.502979629010085
2026_03_ARI_SF,ARI,SF,total_over,OVER,0.521,-110,0.5238095238095238,-0.0028095238095238173,-8.5,47.5,9.706301327653343,48.87647363466576,29.29138748115955,19.585086153506207
2026_03_LV_NO,LV,NO,spread_home,NO,0.52,-110,0.5238095238095238,-0.003809523809523818,-3.0,43.5,3.066420118296369,43.82369724000556,23.445058679150964,20.378638560854593
2026_03_LV_NO,LV,NO,total_under,UNDER,0.509,-110,0.5238095238095238,-0.014809523809523828,-3.0,43.5,3.066420118296369,43.82369724000556,23.445058679150964,20.378638560854593
2026_03_NYJ_DET,NYJ,DET,spread_home,DET,0.506,-110,0.5238095238095238,-0.01780952380952383,-6.5,47.5,6.1878820615633625,55.33480699942881,30.761344530496086,24.57346246893272
2026_03_LAC_BUF,LAC,BUF,total_over,OVER,0.502,-110,0.5238095238095238,-0.021809523809523834,-7.0,50.5,5.298459813383339,51.32466590735865,28.311562860370994,23.013103046987656
2026_03_LAC_BUF,LAC,BUF,total_under,UNDER,0.498,-110,0.5238095238095238,-0.025809523809523838,-7.0,50.5,5.298459813383339,51.32466590735865,28.311562860370994,23.013103046987656
2026_03_NYJ_DET,NYJ,DET,spread_away,NYJ,0.494,-110,0.5238095238095238,-0.02980952380952384,-6.5,47.5,6.1878820615633625,55.33480699942881,30.761344530496086,24.57346246893272
2026_03_LV_NO,LV,NO,total_over,OVER,0.491,-110,0.5238095238095238,-0.032809523809523844,-3.0,43.5,3.066420118296369,43.82369724000556,23.445058679150964,20.378638560854593
2026_03_LV_NO,LV,NO,spread_away,LV,0.48,-110,0.5238095238095238,-0.043809523809523854,-3.0,43.5,3.066420118296369,43.82369724000556,23.445058679150964,20.378638560854593
2026_03_ARI_SF,ARI,SF,total_under,UNDER,0.479,-110,0.5238095238095238,-0.044809523809523855,-8.5,47.5,9.706301327653343,48.87647363466576,29.29138748115955,19.585086153506207
2026_03_MIN_TB,MIN,TB,spread_home,TB,0.458,-110,0.5238095238095238,-0.06580952380952382,1.5,42.5,-2.876346841620381,45.26190819630925,21.192780677344434,24.069127518964816
2026_03_NE_JAX,NE,JAX,total_under,UNDER,0.45799999999999996,-110,0.5238095238095238,-0.06580952380952387,-3.0,45.5,4.731691496775181,47.73765075479535,26.234671125785262,21.502979629010085
2026_03_KC_MIA,KC,MIA,total_under,UNDER,0.45099999999999996,-110,0.5238095238095238,-0.07280952380952388,11.5,45.5,-3.9226898625437987,47.92853323767958,22.00292168756789,25.92561155011169
2026_03_MIN_TB,MIN,TB,total_under,UNDER,0.44699999999999995,-110,0.5238095238095238,-0.07680952380952388,1.5,42.5,-2.876346841620381,45.26190819630925,21.192780677344434,24.069127518964816
2026_03_LAC_BUF,LAC,BUF,spread_home,BUF,0.442,-110,0.5238095238095238,-0.08180952380952383,-7.0,50.5,5.298459813383339,51.32466590735865,28.311562860370994,23.013103046987656
2026_03_ARI_SF,ARI,SF,spread_away,ARI,0.43799999999999994,-110,0.5238095238095238,-0.08580952380952389,-8.5,47.5,9.706301327653343,48.87647363466576,29.29138748115955,19.585086153506207
2026_03_NE_JAX,NE,JAX,spread_away,NE,0.42000000000000004,-110,0.5238095238095238,-0.1038095238095238,-3.0,45.5,4.731691496775181,47.73765075479535,26.234671125785262,21.502979629010085
2026_03_TEN_NYG,TEN,NYG,spread_away,TEN,0.41900000000000004,-110,0.5238095238095238,-0.1048095238095238,-2.5,39.5,4.26824818675047,49.5977087212718,26.932978454011135,22.664730267260666
2026_03_CIN_PIT,CIN,PIT,spread_away,CIN,0.41300000000000003,-110,0.5238095238095238,-0.1108095238095238,3.5,42.5,-1.5935048345384435,47.315185756729434,22.860840461095496,24.45434529563394
2026_03_SEA_WAS,SEA,WAS,spread_away,SEA,0.41300000000000003,-110,0.5238095238095238,-0.1108095238095238,7.0,40.5,-5.070657955232825,46.07282506209478,20.501083553430977,25.571741508663802
2026_03_CAR_CLE,CAR,CLE,total_under,UNDER,0.398,-110,0.5238095238095238,-0.12580952380952382,2.5,42.5,0.5276992270374893,46.524370214860674,23.52603472094908,22.998335493911593
2026_03_BAL_DAL,BAL,DAL,total_under,UNDER,0.388,-110,0.5238095238095238,-0.13580952380952382,3.5,52.5,-0.19911095842458715,56.99194428029875,28.39641666093708,28.595527619361672
2026_03_CIN_PIT,CIN,PIT,total_under,UNDER,0.374,-110,0.5238095238095238,-0.14980952380952384,3.5,42.5,-1.5935048345384435,47.315185756729434,22.860840461095496,24.45434529563394
2026_03_CAR_CLE,CAR,CLE,spread_away,CAR,0.368,-110,0.5238095238095238,-0.15580952380952384,2.5,42.5,0.5276992270374893,46.524370214860674,23.52603472094908,22.998335493911593
2026_03_BAL_DAL,BAL,DAL,spread_away,BAL,0.362,-110,0.5238095238095238,-0.16180952380952385,3.5,52.5,-0.19911095842458715,56.99194428029875,28.39641666093708,28.595527619361672
2026_03_SEA_WAS,SEA,WAS,total_under,UNDER,0.357,-110,0.5238095238095238,-0.16680952380952385,7.0,40.5,-5.070657955232825,46.07282506209478,20.501083553430977,25.571741508663802
2026_03_HOU_IND,HOU,IND,spread_away,HOU,0.32599999999999996,-110,0.5238095238095238,-0.19780952380952388,3.0,42.5,1.7860070967271733,49.22667885641663,25.506342976571904,23.72033587984473
2026_03_HOU_IND,HOU,IND,total_under,UNDER,0.31899999999999995,-110,0.5238095238095238,-0.20480952380952389,3.0,42.5,1.7860070967271733,49.22667885641663,25.506342976571904,23.72033587984473
2026_03_NYJ_DET,NYJ,DET,total_under,UNDER,0.28700000000000003,-110,0.5238095238095238,-0.2368095238095238,-6.5,47.5,6.1878820615633625,55.33480699942881,30.761344530496086,24.57346246893272
2026_03_KC_MIA,KC,MIA,spread_away,KC,0.244,-110,0.5238095238095238,-0.27980952380952384,11.5,45.5,-3.9226898625437987,47.92853323767958,22.00292168756789,25.92561155011169
2026_03_TEN_NYG,TEN,NYG,total_under,UNDER,0.22399999999999998,-110,0.5238095238095238,-0.29980952380952386,-2.5,39.5,4.26824818675047,49.5977087212718,26.932978454011135,22.664730267260666
