event_id,commence_time,away_team,home_team,book_key,book,indiana_book_key,market,side,pick,line,odds,quote_updated_at,quote_age_minutes,quote_fresh,game_id,season,week,model_margin,model_total,spread_feature_ready_v31,total_feature_ready_v31,spread_input_ready_v30,total_input_ready_v30,home_qb_name,away_qb_name,home_qb_input_source,away_qb_input_source,roof_type_v30,weather_source_v30,temp,wind,raw_probability,calibrated_probability,selected_probability,break_even,edge,minimum_edge,qualifies
164e6eb68f31bac190381903c3cccd31,2026-10-04T17:00:00Z,NYJ,CHI,draftkings,DraftKings,draftkings,spread,home,CHI,-3.0,100,2026-09-27 22:08:59+00:00,0.15838771666666668,True,2026_04_NYJ_CHI,2026,4,8.180345539622538,49.35308653009366,True,True,True,True,Caleb Williams,Geno Smith,nflverse_depth_chart,nflverse_depth_chart,outdoor,open_meteo,62.0,7.6,0.691,0.5454545454545453,0.5181818181818181,0.5,0.018181818181818077,0.01,True
8bd90781e17e6d97df3941063cedae1e,2026-10-06T00:15:00Z,ATL,NO,draftkings,DraftKings,draftkings,spread,away,ATL,2.5,100,2026-09-27 22:08:59+00:00,0.15838771666666668,True,2026_04_ATL_NO,2026,4,0.5281627633452414,45.70780261943647,True,True,True,True,Tyler Shough,Michael Penix Jr.,nflverse_depth_chart,nflverse_depth_chart,indoor,indoor_neutral,70.0,0.0,0.558,0.511049723756906,0.5044198895027624,0.5,0.0044198895027623974,0.01,False
d55cb69fed50a09170560b5b75d8de86,2026-10-02T00:15:00Z,PIT,CLE,draftkings,DraftKings,draftkings,spread,home,CLE,2.5,100,2026-09-27 22:08:59+00:00,0.15838771666666668,True,2026_04_PIT_CLE,2026,4,-1.4288466675860971,38.789615198089514,True,True,True,True,Deshaun Watson,Aaron Rodgers,nflverse_depth_chart,nflverse_depth_chart,outdoor,open_meteo,70.5,6.5,0.564,0.511049723756906,0.5044198895027624,0.5,0.0044198895027623974,0.01,False
c9d8ed8aa4889486eaf10a630138ede0,2026-10-04T13:30:00Z,IND,WAS,fanduel,FanDuel,fanduel,spread,home,WAS,3.5,-104,2026-09-27 22:08:59+00:00,0.15838771666666668,True,2026_04_IND_WAS,2026,4,0.8112625581869843,48.90061744709772,True,True,True,True,Jayden Daniels,Daniel Jones,nflverse_depth_chart,nflverse_depth_chart,outdoor,open_meteo,55.5,8.5,0.66,0.5221238938053098,0.5088495575221239,0.5098039215686274,-0.0009543640465035086,0.01,False
573cc0ef39631a4f6673ec843a8bedd4,2026-10-04T17:00:00Z,NE,BUF,fanduel,FanDuel,fanduel,spread,away,NE,6.5,-104,2026-09-27 22:08:59+00:00,0.15838771666666668,True,2026_04_NE_BUF,2026,4,3.1202552492449827,49.65300561657088,True,True,True,True,Josh Allen,Drake Maye,nflverse_depth_chart,nflverse_depth_chart,outdoor,open_meteo,62.8,7.3,0.61,0.5164835164835164,0.5065934065934066,0.5098039215686274,-0.003210514975220846,0.01,False
2ea94ddf20f66432b9024fe2e2eaba5f,2026-10-04T17:00:00Z,JAX,CIN,fanduel,FanDuel,fanduel,spread,away,JAX,2.5,-105,2026-09-27 22:08:59+00:00,0.15838771666666668,True,2026_04_JAX_CIN,2026,4,-2.61712201418085,49.71299752484229,True,True,True,True,Joe Burrow,Trevor Lawrence,nflverse_depth_chart,nflverse_depth_chart,outdoor,open_meteo,66.4,6.3,0.665,0.5221238938053098,0.5088495575221239,0.5121951219512195,-0.0033455644290956155,0.01,False
1b4f2e60ce83fa1d63a5dff83769d27c,2026-10-04T17:00:00Z,LA,PHI,fanduel,FanDuel,fanduel,spread,home,PHI,2.5,-102,2026-09-27 22:08:59+00:00,0.15838771666666668,True,2026_04_LA_PHI,2026,4,-2.8750671927879172,45.71740758858138,True,True,True,True,Jalen Hurts,Matthew Stafford,nflverse_depth_chart,nflverse_depth_chart,outdoor,open_meteo,62.0,12.2,0.506,0.5,0.5,0.504950495049505,-0.004950495049504955,0.01,False
8bd90781e17e6d97df3941063cedae1e,2026-10-06T00:15:00Z,ATL,NO,draftkings,DraftKings,draftkings,total,under,UNDER,46.5,-105,2026-09-27 22:08:59+00:00,0.15838771666666668,True,2026_04_ATL_NO,2026,4,0.5281627633452414,45.70780261943647,True,True,True,True,Tyler Shough,Michael Penix Jr.,nflverse_depth_chart,nflverse_depth_chart,indoor,indoor_neutral,70.0,0.0,0.569,0.527272727272727,0.5068181818181817,0.5121951219512195,-0.0053769401330378,0.01,False
2ea94ddf20f66432b9024fe2e2eaba5f,2026-10-04T17:00:00Z,JAX,CIN,fanduel,FanDuel,fanduel,total,under,UNDER,50.5,-105,2026-09-27 22:08:59+00:00,0.15838771666666668,True,2026_04_JAX_CIN,2026,4,-2.61712201418085,49.71299752484229,True,True,True,True,Joe Burrow,Trevor Lawrence,nflverse_depth_chart,nflverse_depth_chart,outdoor,open_meteo,66.4,6.3,0.569,0.527272727272727,0.5068181818181817,0.5121951219512195,-0.0053769401330378,0.01,False
96d2373cda647873b971f268482bced0,2026-10-04T20:25:00Z,LAC,SEA,fanduel,FanDuel,fanduel,total,under,UNDER,44.5,-105,2026-09-27 22:08:59+00:00,0.15838771666666668,True,2026_04_LAC_SEA,2026,4,9.996975448824402,42.218427269541486,True,True,True,True,Sam Darnold,Justin Herbert,nflverse_depth_chart,nflverse_depth_chart,outdoor,open_meteo,69.0,9.0,0.616,0.527272727272727,0.5068181818181817,0.5121951219512195,-0.0053769401330378,0.01,False
664e6bda5721dc63be16bcf7d962a436,2026-10-04T17:00:00Z,ARI,NYG,fanduel,FanDuel,fanduel,spread,away,ARI,1.5,-104,2026-09-27 22:08:59+00:00,0.15838771666666668,True,2026_04_ARI_NYG,2026,4,0.5952530128754976,46.60841862944867,True,True,True,True,Jameis Winston,Jacoby Brissett,nflverse_depth_chart,nflverse_depth_chart,outdoor,open_meteo,60.5,10.8,0.519,0.511049723756906,0.5044198895027624,0.5098039215686274,-0.005384032065865019,0.01,False
1b4f2e60ce83fa1d63a5dff83769d27c,2026-10-04T17:00:00Z,LA,PHI,fanduel,FanDuel,fanduel,total,under,UNDER,45.5,-104,2026-09-27 22:08:59+00:00,0.15838771666666668,True,2026_04_LA_PHI,2026,4,-2.8750671927879172,45.71740758858138,True,True,True,True,Jalen Hurts,Matthew Stafford,nflverse_depth_chart,nflverse_depth_chart,outdoor,open_meteo,62.0,12.2,0.527,0.5129151291512916,0.5032287822878229,0.5098039215686274,-0.006575139280804554,0.01,False
a73a76599a4f3422803e57bd8f61b626,2026-10-05T00:20:00Z,DET,CAR,fanduel,FanDuel,fanduel,total,under,UNDER,48.5,-105,2026-09-27 22:08:59+00:00,0.15838771666666668,True,2026_04_DET_CAR,2026,4,-4.82886582725938,48.81809583301612,True,True,True,True,Bryce Young,Jared Goff,nflverse_depth_chart,nflverse_depth_chart,outdoor,open_meteo,53.2,9.9,0.524,0.5129151291512916,0.5032287822878229,0.5121951219512195,-0.00896633966339666,0.01,False
99a9bae4dc0dc2590496bd3102b211f2,2026-10-04T17:00:00Z,GB,TB,draftkings,DraftKings,draftkings,spread,away,GB,1.5,-105,2026-09-27 22:08:59+00:00,0.15838771666666668,True,2026_04_GB_TB,2026,4,0.8647657539661027,46.26058638146146,True,True,True,True,Baker Mayfield,Jordan Love,nflverse_depth_chart,nflverse_depth_chart,outdoor,open_meteo,78.9,6.3,0.5,0.5,0.5,0.5121951219512195,-0.012195121951219523,0.01,False
c9d8ed8aa4889486eaf10a630138ede0,2026-10-04T13:30:00Z,IND,WAS,fanduel,FanDuel,fanduel,total,under,UNDER,47.5,-105,2026-09-27 22:08:59+00:00,0.15838771666666668,True,2026_04_IND_WAS,2026,4,0.8112625581869843,48.90061744709772,True,True,True,True,Jayden Daniels,Daniel Jones,nflverse_depth_chart,nflverse_depth_chart,outdoor,open_meteo,55.5,8.5,0.498,0.5,0.5,0.5121951219512195,-0.012195121951219523,0.01,False
c327223d76a3b7b0db8c6c104442f44b,2026-10-04T20:05:00Z,MIA,MIN,fanduel,FanDuel,fanduel,total,under,UNDER,42.5,-105,2026-09-27 22:08:59+00:00,0.15838771666666668,True,2026_04_MIA_MIN,2026,4,9.411163230065773,43.68421374955141,True,True,True,True,Kyler Murray,Malik Willis,nflverse_depth_chart,nflverse_depth_chart,indoor,indoor_neutral,70.0,0.0,0.504,0.5,0.5,0.5121951219512195,-0.012195121951219523,0.01,False
d55cb69fed50a09170560b5b75d8de86,2026-10-02T00:15:00Z,PIT,CLE,fanduel,FanDuel,fanduel,total,under,UNDER,37.5,-105,2026-09-27 22:08:59+00:00,0.15838771666666668,True,2026_04_PIT_CLE,2026,4,-1.4288466675860971,38.789615198089514,True,True,True,True,Deshaun Watson,Aaron Rodgers,nflverse_depth_chart,nflverse_depth_chart,outdoor,open_meteo,70.5,6.5,0.501,0.5,0.5,0.5121951219512195,-0.012195121951219523,0.01,False
a7e7efb75a9792ac63480ae6328dca18,2026-10-04T20:25:00Z,DEN,SF,fanduel,FanDuel,fanduel,total,over,OVER,46.5,-104,2026-09-27 22:08:59+00:00,0.15838771666666668,True,2026_04_DEN_SF,2026,4,3.6472471704195772,46.279392217531594,True,True,True,True,Brock Purdy,Bo Nix,nflverse_depth_chart,nflverse_depth_chart,outdoor,open_meteo,92.7,6.0,0.454,0.4870848708487085,0.49677121771217714,0.5098039215686274,-0.013032703856450278,0.01,False
99a9bae4dc0dc2590496bd3102b211f2,2026-10-04T17:00:00Z,GB,TB,fanduel,FanDuel,fanduel,total,over,OVER,46.5,-104,2026-09-27 22:08:59+00:00,0.15838771666666668,True,2026_04_GB_TB,2026,4,0.8647657539661027,46.26058638146146,True,True,True,True,Baker Mayfield,Jordan Love,nflverse_depth_chart,nflverse_depth_chart,outdoor,open_meteo,78.9,6.3,0.452,0.4870848708487085,0.49677121771217714,0.5098039215686274,-0.013032703856450278,0.01,False
a7e7efb75a9792ac63480ae6328dca18,2026-10-04T20:25:00Z,DEN,SF,fanduel,FanDuel,fanduel,spread,away,DEN,2.5,-104,2026-09-27 22:08:59+00:00,0.15838771666666668,True,2026_04_DEN_SF,2026,4,3.6472471704195772,46.279392217531594,True,True,True,True,Brock Purdy,Bo Nix,nflverse_depth_chart,nflverse_depth_chart,outdoor,open_meteo,92.7,6.0,0.435,0.4889502762430939,0.49558011049723755,0.5098039215686274,-0.014223811071389869,0.01,False
a73a76599a4f3422803e57bd8f61b626,2026-10-05T00:20:00Z,DET,CAR,fanduel,FanDuel,fanduel,spread,home,CAR,2.5,-104,2026-09-27 22:08:59+00:00,0.15838771666666668,True,2026_04_DET_CAR,2026,4,-4.82886582725938,48.81809583301612,True,True,True,True,Bryce Young,Jared Goff,nflverse_depth_chart,nflverse_depth_chart,outdoor,open_meteo,53.2,9.9,0.429,0.4889502762430939,0.49558011049723755,0.5098039215686274,-0.014223811071389869,0.01,False
e0cbd266dcf997089203a1b33ba0333d,2026-10-04T20:25:00Z,KC,LV,fanduel,FanDuel,fanduel,spread,home,LV,4.5,-104,2026-09-27 22:08:59+00:00,0.15838771666666668,True,2026_04_KC_LV,2026,4,-5.7731084278853935,41.9502429324011,True,True,True,True,Kirk Cousins,Patrick Mahomes,nflverse_depth_chart,nflverse_depth_chart,indoor,indoor_neutral,70.0,0.0,0.465,0.4889502762430939,0.49558011049723755,0.5098039215686274,-0.014223811071389869,0.01,False
96d2373cda647873b971f268482bced0,2026-10-04T20:25:00Z,LAC,SEA,fanduel,FanDuel,fanduel,spread,away,LAC,6.5,-104,2026-09-27 22:08:59+00:00,0.15838771666666668,True,2026_04_LAC_SEA,2026,4,9.996975448824402,42.218427269541486,True,True,True,True,Sam Darnold,Justin Herbert,nflverse_depth_chart,nflverse_depth_chart,outdoor,open_meteo,69.0,9.0,0.361,0.4835164835164835,0.49340659340659343,0.5098039215686274,-0.016397328162033986,0.01,False
c327223d76a3b7b0db8c6c104442f44b,2026-10-04T20:05:00Z,MIA,MIN,fanduel,FanDuel,fanduel,spread,home,MIN,-10.5,-105,2026-09-27 22:08:59+00:00,0.15838771666666668,True,2026_04_MIA_MIN,2026,4,9.411163230065773,43.68421374955141,True,True,True,True,Kyler Murray,Malik Willis,nflverse_depth_chart,nflverse_depth_chart,indoor,indoor_neutral,70.0,0.0,0.47,0.4889502762430939,0.49558011049723755,0.5121951219512195,-0.016615011453981976,0.01,False
f01589b0e7e6dd4f4ac1220a1db81f53,2026-10-04T17:00:00Z,TEN,BAL,fanduel,FanDuel,fanduel,total,under,UNDER,42.5,-104,2026-09-27 22:08:59+00:00,0.15838771666666668,True,2026_04_TEN_BAL,2026,4,12.151898982163564,46.85891623721125,True,True,True,True,Lamar Jackson,Cam Ward,nflverse_depth_chart,nflverse_depth_chart,outdoor,open_meteo,62.3,10.9,0.4,0.4727272727272727,0.49318181818181817,0.5098039215686274,-0.01662210338680925,0.01,False
e0cbd266dcf997089203a1b33ba0333d,2026-10-04T20:25:00Z,KC,LV,draftkings,DraftKings,draftkings,total,under,UNDER,45.5,-110,2026-09-27 22:08:59+00:00,0.15838771666666668,True,2026_04_KC_LV,2026,4,-5.7731084278853935,41.9502429324011,True,True,True,True,Kirk Cousins,Patrick Mahomes,nflverse_depth_chart,nflverse_depth_chart,indoor,indoor_neutral,70.0,0.0,0.652,0.527272727272727,0.5068181818181817,0.5238095238095238,-0.016991341991342113,0.01,False
164e6eb68f31bac190381903c3cccd31,2026-10-04T17:00:00Z,NYJ,CHI,draftkings,DraftKings,draftkings,total,over,OVER,42.5,-110,2026-09-27 22:08:59+00:00,0.15838771666666668,True,2026_04_NYJ_CHI,2026,4,8.180345539622538,49.35308653009366,True,True,True,True,Caleb Williams,Geno Smith,nflverse_depth_chart,nflverse_depth_chart,outdoor,open_meteo,62.0,7.6,0.673,0.527272727272727,0.5068181818181817,0.5238095238095238,-0.016991341991342113,0.01,False
f01589b0e7e6dd4f4ac1220a1db81f53,2026-10-04T17:00:00Z,TEN,BAL,betrivers,BetRivers,betrivers,spread,home,BAL,-11.5,-109,2026-09-27 22:08:45+00:00,0.39172105,True,2026_04_TEN_BAL,2026,4,12.151898982163564,46.85891623721125,True,True,True,True,Lamar Jackson,Cam Ward,nflverse_depth_chart,nflverse_depth_chart,outdoor,open_meteo,62.3,10.9,0.543,0.511049723756906,0.5044198895027624,0.5215311004784688,-0.017111210975706448,0.01,False
573cc0ef39631a4f6673ec843a8bedd4,2026-10-04T17:00:00Z,NE,BUF,betrivers,BetRivers,betrivers,total,over,OVER,48.5,-108,2026-09-27 22:08:46+00:00,0.37505438333333335,True,2026_04_NE_BUF,2026,4,3.1202552492449827,49.65300561657088,True,True,True,True,Josh Allen,Drake Maye,nflverse_depth_chart,nflverse_depth_chart,outdoor,open_meteo,62.8,7.3,0.495,0.5,0.5,0.5192307692307693,-0.019230769230769273,0.01,False
daf55e2df5341c007fee5a0fc5bbc2d4,2026-10-04T17:00:00Z,DAL,HOU,fanduel,FanDuel,fanduel,spread,home,HOU,-1.5,-110,2026-09-27 22:08:59+00:00,0.15838771666666668,True,2026_04_DAL_HOU,2026,4,2.3795794217171897,48.79498569817412,True,True,True,False,C.J. Stroud,Dak Prescott,nflverse_depth_chart,nflverse_depth_chart,unknown_retractable,roof_status_required,,,0.552,0.511049723756906,0.5044198895027624,0.5238095238095238,-0.01938963430676144,0.01,False
664e6bda5721dc63be16bcf7d962a436,2026-10-04T17:00:00Z,ARI,NYG,draftkings,DraftKings,draftkings,total,over,OVER,43.5,-110,2026-09-27 22:08:59+00:00,0.15838771666666668,True,2026_04_ARI_NYG,2026,4,0.5952530128754976,46.60841862944867,True,True,True,True,Jameis Winston,Jacoby Brissett,nflverse_depth_chart,nflverse_depth_chart,outdoor,open_meteo,60.5,10.8,0.555,0.5129151291512916,0.5032287822878229,0.5238095238095238,-0.020580741521700974,0.01,False
