game_id,season,week,away_team,home_team,market,side,pick,odds,raw_probability,calibrated_probability,selected_probability,break_even,edge,minimum_edge,model_margin,market_home_spread,model_total,market_total,home_qb,away_qb,home_qb_source,away_qb_source,qualifies
2026_03_KC_MIA,2026,3,KC,MIA,spread,home,MIA,-110.0,0.701,0.5454545454545453,0.5181818181818181,0.5238095238095238,-0.005627705627705759,0.01,-5.9063969661853335,11.5,43.019734344674106,45.5,,,market_override,market_override,False
2026_03_LV_NO,2026,3,LV,NO,spread,home,NO,-110.0,0.648,0.5221238938053098,0.5088495575221239,0.5238095238095238,-0.014959966287399928,0.01,6.703352688026097,-3.0,44.38030571443832,43.5,,,market_override,market_override,False
2026_03_NYJ_DET,2026,3,NYJ,DET,spread,home,DET,-110.0,0.649,0.5221238938053098,0.5088495575221239,0.5238095238095238,-0.014959966287399928,0.01,10.323096402416844,-6.5,52.421283932047444,47.5,,,market_override,market_override,False
2026_03_KC_MIA,2026,3,KC,MIA,total,under,UNDER,-110.0,0.624,0.527272727272727,0.5068181818181817,0.5238095238095238,-0.016991341991342113,0.01,-5.9063969661853335,11.5,43.019734344674106,45.5,,,market_override,market_override,False
2026_03_LAC_BUF,2026,3,LAC,BUF,total,under,UNDER,-110.0,0.635,0.527272727272727,0.5068181818181817,0.5238095238095238,-0.016991341991342113,0.01,8.256172013953254,-7.0,47.58701625600563,50.5,,,market_override,market_override,False
2026_03_MIN_TB,2026,3,MIN,TB,total,under,UNDER,-110.0,0.626,0.527272727272727,0.5068181818181817,0.5238095238095238,-0.016991341991342113,0.01,-0.7153118577637634,1.5,39.97559695893027,42.5,,,market_override,most_recent_team_starter,False
2026_03_NYJ_DET,2026,3,NYJ,DET,total,over,OVER,-110.0,0.619,0.527272727272727,0.5068181818181817,0.5238095238095238,-0.016991341991342113,0.01,10.323096402416844,-6.5,52.421283932047444,47.5,,,market_override,market_override,False
2026_03_SEA_WAS,2026,3,SEA,WAS,total,over,OVER,-110.0,0.611,0.527272727272727,0.5068181818181817,0.5238095238095238,-0.016991341991342113,0.01,-8.408034887602879,7.0,45.0431615187529,40.5,,,market_override,market_override,False
2026_03_TEN_NYG,2026,3,TEN,NYG,total,over,OVER,-110.0,0.613,0.527272727272727,0.5068181818181817,0.5238095238095238,-0.016991341991342113,0.01,4.567063573504882,-2.5,44.193839311403636,39.5,,,market_override,market_override,False
2026_03_CIN_PIT,2026,3,CIN,PIT,spread,home,PIT,-110.0,0.586,0.5164835164835164,0.5065934065934066,0.5238095238095238,-0.017216117216117266,0.01,-1.5943580423429484,3.5,42.63237807602032,42.5,,,market_override,market_override,False
2026_03_HOU_IND,2026,3,HOU,IND,spread,home,IND,-110.0,0.589,0.5164835164835164,0.5065934065934066,0.5238095238095238,-0.017216117216117266,0.01,-1.002510677246773,3.0,,42.5,,,market_override,market_override,False
2026_03_TEN_NYG,2026,3,TEN,NYG,spread,home,NYG,-110.0,0.593,0.5164835164835164,0.5065934065934066,0.5238095238095238,-0.017216117216117266,0.01,4.567063573504882,-2.5,44.193839311403636,39.5,,,market_override,market_override,False
2026_03_ARI_SF,2026,3,ARI,SF,spread,home,SF,-110.0,0.565,0.511049723756906,0.5044198895027624,0.5238095238095238,-0.01938963430676144,0.01,9.639465997958716,-8.5,49.09124470858848,47.5,,,market_override,market_override,False
2026_03_BAL_DAL,2026,3,BAL,DAL,spread,home,DAL,-110.0,0.552,0.511049723756906,0.5044198895027624,0.5238095238095238,-0.01938963430676144,0.01,-2.6081220166620853,3.5,,52.5,,,market_override,market_override,False
2026_03_CAR_CLE,2026,3,CAR,CLE,spread,home,CLE,-110.0,0.578,0.511049723756906,0.5044198895027624,0.5238095238095238,-0.01938963430676144,0.01,-0.9073956104377943,2.5,42.46237125075001,42.5,,,market_override,market_override,False
2026_03_LAC_BUF,2026,3,LAC,BUF,spread,home,BUF,-110.0,0.568,0.511049723756906,0.5044198895027624,0.5238095238095238,-0.01938963430676144,0.01,8.256172013953254,-7.0,47.58701625600563,50.5,,,market_override,market_override,False
2026_03_LA_DEN,2026,3,LA,DEN,spread,home,DEN,-110.0,0.533,0.511049723756906,0.5044198895027624,0.5238095238095238,-0.01938963430676144,0.01,-2.092557757978509,2.5,44.546964095716646,44.5,,,market_override,market_override,False
2026_03_MIN_TB,2026,3,MIN,TB,spread,home,TB,-110.0,0.55,0.511049723756906,0.5044198895027624,0.5238095238095238,-0.01938963430676144,0.01,-0.7153118577637634,1.5,39.97559695893027,42.5,,,market_override,most_recent_team_starter,False
2026_03_NE_JAX,2026,3,NE,JAX,spread,away,NE,-110.0,0.5429999999999999,0.511049723756906,0.5044198895027624,0.5238095238095238,-0.01938963430676144,0.01,1.3974591391565163,-3.0,46.618066502645284,45.5,,,market_override,market_override,False
2026_03_SEA_WAS,2026,3,SEA,WAS,spread,away,SEA,-110.0,0.5389999999999999,0.511049723756906,0.5044198895027624,0.5238095238095238,-0.01938963430676144,0.01,-8.408034887602879,7.0,45.0431615187529,40.5,,,market_override,market_override,False
2026_03_CAR_CLE,2026,3,CAR,CLE,total,under,UNDER,-110.0,0.538,0.5129151291512916,0.5032287822878229,0.5238095238095238,-0.020580741521700974,0.01,-0.9073956104377943,2.5,42.46237125075001,42.5,,,market_override,market_override,False
2026_03_CIN_PIT,2026,3,CIN,PIT,total,under,UNDER,-110.0,0.531,0.5129151291512916,0.5032287822878229,0.5238095238095238,-0.020580741521700974,0.01,-1.5943580423429484,3.5,42.63237807602032,42.5,,,market_override,market_override,False
2026_03_LA_DEN,2026,3,LA,DEN,total,under,UNDER,-110.0,0.5329999999999999,0.5129151291512916,0.5032287822878229,0.5238095238095238,-0.020580741521700974,0.01,-2.092557757978509,2.5,44.546964095716646,44.5,,,market_override,market_override,False
2026_03_ARI_SF,2026,3,ARI,SF,total,over,OVER,-110.0,0.509,0.5116279069767442,0.502906976744186,0.5238095238095238,-0.020902547065337784,0.01,9.639465997958716,-8.5,49.09124470858848,47.5,,,market_override,market_override,False
2026_03_LV_NO,2026,3,LV,NO,total,under,UNDER,-110.0,0.51,0.5116279069767442,0.502906976744186,0.5238095238095238,-0.020902547065337784,0.01,6.703352688026097,-3.0,44.38030571443832,43.5,,,market_override,market_override,False
2026_03_NE_JAX,2026,3,NE,JAX,total,over,OVER,-110.0,0.495,0.5,0.5,0.5238095238095238,-0.023809523809523836,0.01,1.3974591391565163,-3.0,46.618066502645284,45.5,,,market_override,market_override,False
