market,comparison,games,week_blocks,bootstrap_reps,point_delta,ci_low_95,ci_high_95,probability_stack_better
spread,mae_vs_market,755,54,5000,0.039944260448059765,-0.022144714258195107,0.09898439808999744,0.0974
spread,mae_vs_market_calibrated,755,54,5000,0.0066816896064327835,-0.0213591701639388,0.0349466747158905,0.327
spread,mae_vs_base,755,54,5000,-0.3419763652076977,-0.5606457598838026,-0.13139015717478308,0.9994
spread,rmse_vs_market,755,54,5000,0.03449479123795385,-0.024411569073107618,0.09280253951976068,0.1238
spread,rmse_vs_market_calibrated,755,54,5000,0.010454682982055985,-0.02395585389535406,0.04390977213020672,0.277
spread,rmse_vs_base,755,54,5000,-0.45649073136633866,-0.7203669096580082,-0.20643536909341664,0.9998
total,mae_vs_market,755,54,5000,-0.029214883259651714,-0.06459493554861191,0.006251863030544049,0.9458
total,mae_vs_market_calibrated,755,54,5000,-0.010829129169263041,-0.029915976409381484,0.009471128271539791,0.854
total,mae_vs_base,755,54,5000,-0.14134822308835737,-0.31543592214105903,0.036274030903403476,0.9424
total,rmse_vs_market,755,54,5000,-0.02113433998738934,-0.06229405806664654,0.019308969565395392,0.8494
total,rmse_vs_market_calibrated,755,54,5000,-0.006806407230754985,-0.027591091303185065,0.01490945520787839,0.7278
total,rmse_vs_base,755,54,5000,-0.18037186398795058,-0.3603946265216735,-0.008243915501015359,0.9804
