game_id,season,week,away_team,home_team,home_spread,total_line,home_spread_odds,away_spread_odds,over_odds,under_odds,market_updated_at,market_source,gameday,gametime,roof,surface,temp,wind,home_rest,away_rest,div_game,kickoff_utc,home_qb_id,home_qb_name,home_qb_input_source,home_qb_verified,home_qb_depth_chart_dt,away_qb_id,away_qb_name,away_qb_input_source,away_qb_verified,away_qb_depth_chart_dt,roof_type_v30,roof_known_v30,weather_time_utc,weather_source_v30,weather_known_v30,market_age_minutes,market_fresh_v30,spread_input_ready_v30,total_input_ready_v30,input_warnings_v30
2026_03_LAC_BUF,2026,3,LAC,BUF,-7.0,50.5,-110,-110,-110,-110,2026-09-27T16:00:15.910387+00:00,manual_confirmed,2026-09-27,13:00,outdoors,a_turf,68.8,13.4,10,7,0,2026-09-27 17:00:00+00:00,00-0034857,Josh Allen,nflverse_depth_chart,True,2026-09-27 12:56:55+00:00,00-0036355,Justin Herbert,nflverse_depth_chart,True,2026-09-27 12:56:55+00:00,outdoor,True,2026-09-27 17:00:00+00:00,open_meteo,True,1.1052980166666666,True,True,True,
2026_03_CAR_CLE,2026,3,CAR,CLE,2.5,42.5,-110,-110,-110,-110,2026-09-27T16:00:15.910387+00:00,manual_confirmed,2026-09-27,13:00,outdoors,grass,68.3,12.4,7,7,0,2026-09-27 17:00:00+00:00,00-0033537,Deshaun Watson,nflverse_depth_chart,True,2026-09-27 12:56:55+00:00,00-0039150,Bryce Young,nflverse_depth_chart,True,2026-09-27 12:56:55+00:00,outdoor,True,2026-09-27 17:00:00+00:00,open_meteo,True,1.1052980166666666,True,True,True,
2026_03_NYJ_DET,2026,3,NYJ,DET,-6.5,47.5,-110,-110,-110,-110,2026-09-27T16:00:15.910387+00:00,manual_confirmed,2026-09-27,13:00,dome,fieldturf,70.0,0.0,10,7,0,2026-09-27 17:00:00+00:00,00-0033106,Jared Goff,nflverse_depth_chart,True,2026-09-27 12:56:55+00:00,00-0030565,Geno Smith,nflverse_depth_chart,True,2026-09-27 12:56:55+00:00,indoor,True,,indoor_neutral,True,1.1052980166666666,True,True,True,
2026_03_HOU_IND,2026,3,HOU,IND,3.0,42.5,-110,-110,-110,-110,2026-09-27T16:00:15.910387+00:00,manual_confirmed,2026-09-27,13:00,retractable,fieldturf,,,7,7,1,2026-09-27 17:00:00+00:00,00-0035710,Daniel Jones,nflverse_depth_chart,True,2026-09-27 12:56:55+00:00,00-0039163,C.J. Stroud,nflverse_depth_chart,True,2026-09-27 12:56:55+00:00,unknown_retractable,False,,roof_status_required,False,1.1052980166666666,True,True,False,roof_unresolved|weather_unavailable
2026_03_KC_MIA,2026,3,KC,MIA,11.5,45.5,-110,-110,-110,-110,2026-09-27T16:00:15.910387+00:00,manual_confirmed,2026-09-27,13:00,outdoors,grass,83.5,3.8,7,7,0,2026-09-27 17:00:00+00:00,00-0038128,Malik Willis,nflverse_depth_chart,True,2026-09-27 12:56:55+00:00,00-0033873,Patrick Mahomes,nflverse_depth_chart,True,2026-09-27 12:56:55+00:00,outdoor,True,2026-09-27 17:00:00+00:00,open_meteo,True,1.1052980166666666,True,True,True,
2026_03_TEN_NYG,2026,3,TEN,NYG,-2.5,39.5,-110,-110,-110,-110,2026-09-27T16:00:15.910387+00:00,manual_confirmed,2026-09-27,13:00,outdoors,fieldturf,61.4,15.2,6,7,0,2026-09-27 17:00:00+00:00,00-0031503,Jameis Winston,nflverse_depth_chart,True,2026-09-27 12:56:55+00:00,00-0040676,Cam Ward,nflverse_depth_chart,True,2026-09-27 12:56:55+00:00,outdoor,True,2026-09-27 17:00:00+00:00,open_meteo,True,1.1052980166666666,True,True,True,
2026_03_CIN_PIT,2026,3,CIN,PIT,3.5,42.5,-110,-110,-110,-110,2026-09-27T16:00:15.910387+00:00,manual_confirmed,2026-09-27,13:00,outdoors,grass,69.5,13.5,7,7,1,2026-09-27 17:00:00+00:00,00-0023459,Aaron Rodgers,nflverse_depth_chart,True,2026-09-27 12:56:55+00:00,00-0036442,Joe Burrow,nflverse_depth_chart,True,2026-09-27 12:56:55+00:00,outdoor,True,2026-09-27 17:00:00+00:00,open_meteo,True,1.1052980166666666,True,True,True,
2026_03_SEA_WAS,2026,3,SEA,WAS,7.0,40.5,-110,-110,-110,-110,2026-09-27T16:00:15.910387+00:00,manual_confirmed,2026-09-27,13:00,outdoors,grass,59.6,11.0,7,7,0,2026-09-27 17:00:00+00:00,00-0039910,Jayden Daniels,nflverse_depth_chart,True,2026-09-27 12:56:55+00:00,00-0034869,Sam Darnold,nflverse_depth_chart,True,2026-09-27 12:56:55+00:00,outdoor,True,2026-09-27 17:00:00+00:00,open_meteo,True,1.1052980166666666,True,True,True,
2026_03_NE_JAX,2026,3,NE,JAX,-3.0,45.5,-110,-110,-110,-110,2026-09-27T16:00:15.910387+00:00,manual_confirmed,2026-09-27,13:00,outdoors,grass,84.2,8.1,7,7,0,2026-09-27 17:00:00+00:00,00-0036971,Trevor Lawrence,nflverse_depth_chart,True,2026-09-27 12:56:55+00:00,00-0039851,Drake Maye,nflverse_depth_chart,True,2026-09-27 12:56:55+00:00,outdoor,True,2026-09-27 17:00:00+00:00,open_meteo,True,1.1052980166666666,True,True,True,
2026_03_ARI_SF,2026,3,ARI,SF,-8.5,47.5,-110,-110,-110,-110,2026-09-27T16:00:15.910387+00:00,manual_confirmed,2026-09-27,16:05,outdoors,grass,68.3,3.2,7,7,1,2026-09-27 20:05:00+00:00,00-0037834,Brock Purdy,nflverse_depth_chart,True,2026-09-27 12:56:55+00:00,00-0033119,Jacoby Brissett,nflverse_depth_chart,True,2026-09-27 12:56:55+00:00,outdoor,True,2026-09-27 20:00:00+00:00,open_meteo,True,1.1052980166666666,True,True,True,
2026_03_MIN_TB,2026,3,MIN,TB,1.5,42.5,-110,-110,-110,-110,2026-09-27T16:00:15.910387+00:00,manual_confirmed,2026-09-27,16:05,outdoors,grass,84.4,6.5,7,7,0,2026-09-27 20:05:00+00:00,00-0034855,Baker Mayfield,nflverse_depth_chart,True,2026-09-27 12:56:55+00:00,00-0035228,Kyler Murray,nflverse_depth_chart,True,2026-09-27 12:56:55+00:00,outdoor,True,2026-09-27 20:00:00+00:00,open_meteo,True,1.1052980166666666,True,True,True,
2026_03_LV_NO,2026,3,LV,NO,-3.0,43.5,-110,-110,-110,-110,2026-09-27T16:00:15.910387+00:00,manual_confirmed,2026-09-27,16:25,dome,sportturf,70.0,0.0,7,7,0,2026-09-27 20:25:00+00:00,00-0040743,Tyler Shough,nflverse_depth_chart,True,2026-09-27 12:56:55+00:00,00-0029604,Kirk Cousins,nflverse_depth_chart,True,2026-09-27 12:56:55+00:00,indoor,True,,indoor_neutral,True,1.1052980166666666,True,True,True,
2026_03_BAL_DAL,2026,3,BAL,DAL,3.5,52.5,-110,-110,-110,-110,2026-09-27T16:00:15.910387+00:00,manual_confirmed,2026-09-27,16:25,retractable,matrixturf,,,7,7,0,2026-09-27 20:25:00+00:00,00-0033077,Dak Prescott,nflverse_depth_chart,True,2026-09-27 12:56:55+00:00,00-0034796,Lamar Jackson,nflverse_depth_chart,True,2026-09-27 12:56:55+00:00,unknown_retractable,False,,roof_status_required,False,1.1052980166666666,True,True,False,roof_unresolved|weather_unavailable
2026_03_LA_DEN,2026,3,LA,DEN,2.5,44.5,-110,-110,-110,-110,2026-09-27T16:00:15.910387+00:00,manual_confirmed,2026-09-27,20:20,outdoors,grass,81.2,9.9,7,6,0,2026-09-28 00:20:00+00:00,00-0039732,Bo Nix,nflverse_depth_chart,True,2026-09-27 12:56:55+00:00,00-0026498,Matthew Stafford,nflverse_depth_chart,True,2026-09-27 12:56:55+00:00,outdoor,True,2026-09-28 00:00:00+00:00,open_meteo,True,1.1052980166666666,True,True,True,
