game_id,season,week,away_team,home_team,home_spread,total_line,home_spread_odds,away_spread_odds,over_odds,under_odds,market_updated_at,market_source
2026_03_LAC_BUF,2026,3,LAC,BUF,-7.0,50.5,-110,-110,-110,-110,2026-09-27T16:00:15.910387+00:00,manual_confirmed
2026_03_CAR_CLE,2026,3,CAR,CLE,2.5,42.5,-110,-110,-110,-110,2026-09-27T16:00:15.910387+00:00,manual_confirmed
2026_03_NYJ_DET,2026,3,NYJ,DET,-6.5,47.5,-110,-110,-110,-110,2026-09-27T16:00:15.910387+00:00,manual_confirmed
2026_03_HOU_IND,2026,3,HOU,IND,3.0,42.5,-110,-110,-110,-110,2026-09-27T16:00:15.910387+00:00,manual_confirmed
2026_03_KC_MIA,2026,3,KC,MIA,11.5,45.5,-110,-110,-110,-110,2026-09-27T16:00:15.910387+00:00,manual_confirmed
2026_03_TEN_NYG,2026,3,TEN,NYG,-2.5,39.5,-110,-110,-110,-110,2026-09-27T16:00:15.910387+00:00,manual_confirmed
2026_03_CIN_PIT,2026,3,CIN,PIT,3.5,42.5,-110,-110,-110,-110,2026-09-27T16:00:15.910387+00:00,manual_confirmed
2026_03_SEA_WAS,2026,3,SEA,WAS,7.0,40.5,-110,-110,-110,-110,2026-09-27T16:00:15.910387+00:00,manual_confirmed
2026_03_NE_JAX,2026,3,NE,JAX,-3.0,45.5,-110,-110,-110,-110,2026-09-27T16:00:15.910387+00:00,manual_confirmed
2026_03_ARI_SF,2026,3,ARI,SF,-8.5,47.5,-110,-110,-110,-110,2026-09-27T16:00:15.910387+00:00,manual_confirmed
2026_03_MIN_TB,2026,3,MIN,TB,1.5,42.5,-110,-110,-110,-110,2026-09-27T16:00:15.910387+00:00,manual_confirmed
2026_03_LV_NO,2026,3,LV,NO,-3.0,43.5,-110,-110,-110,-110,2026-09-27T16:00:15.910387+00:00,manual_confirmed
2026_03_BAL_DAL,2026,3,BAL,DAL,3.5,52.5,-110,-110,-110,-110,2026-09-27T16:00:15.910387+00:00,manual_confirmed
2026_03_LA_DEN,2026,3,LA,DEN,2.5,44.5,-110,-110,-110,-110,2026-09-27T16:00:15.910387+00:00,manual_confirmed
