market,edge_bucket,bets,settled,pushes,win_rate,win_rate_95ci,units,roi,roi_95ci_bootstrap,avg_edge,brier
spread,0-1%,200,198,2,0.5555555555555556,"[0.485937538875714, 0.6230588226275638]",12.3797216802933,0.06252384687016821,"[-0.07096133862097663, 0.19112058110923885]",0.005327000269943018,0.2479796943744636
spread,1-2%,191,185,6,0.4648648648648649,"[0.3944379162044553, 0.536721319896065]",-18.988422423902975,-0.10264012121028637,"[-0.237582505731662, 0.033190844791711215]",0.01486024225312015,0.25355668844407286
spread,2-3%,116,115,1,0.5130434782608696,"[0.4227551447028166, 0.6024885410099305]",-0.33106177650838164,-0.0028787980565946154,"[-0.18820152029461495, 0.16750046190214382]",0.024608029305933234,0.25191983237880766
spread,3-5%,126,122,4,0.4426229508196721,"[0.35757368067900913, 0.531175349848257]",-16.004573720073125,-0.13118503049240268,"[-0.30683567167372, 0.04398227369465398]",0.03826499913220443,0.2593480850283419
spread,5-7.5%,47,46,1,0.5869565217391305,"[0.44339242387017885, 0.7171160670289899]",6.262389913143744,0.13613891115529883,"[-0.15042696169841716, 0.42220992200810664]",0.061774876260845615,0.24010090281211555
spread,7.5-10%,50,48,2,0.5208333333333334,"[0.3832899563598438, 0.6552890998421255]",0.38750084874317514,0.008072934348816152,"[-0.24359906868069175, 0.2891166158603181]",0.0855238458073104,0.2533287444212835
spread,10%+,91,90,1,0.4888888888888889,"[0.3882031497910542, 0.5904843406183163]",-4.567651679107096,-0.05075168532341219,"[-0.2635265220018048, 0.14781353994507695]",0.1761911355097677,0.31798428753937974
total,0-1%,95,95,0,0.4421052631578947,"[0.3464199857704796, 0.5422908404403467]",-14.172994682530472,-0.14918941771084707,"[-0.35023131351950487, 0.03431981153784331]",0.004300631337564924,0.2526981991631042
total,1-2%,80,80,0,0.6,"[0.4904526454814999, 0.700383407265585]",12.245218360251965,0.15306522950314955,"[-0.06009168461151595, 0.3470328700711461]",0.015029820932453471,0.2443631332540118
total,2-3%,97,96,1,0.5208333333333334,"[0.42203591721406514, 0.618027543307401]",0.283808492794849,0.00295633846661301,"[-0.19862676267140317, 0.19726264382676809]",0.025090157798160255,0.25016484484385987
total,3-5%,139,136,3,0.4852941176470588,"[0.40286095897691965, 0.56853524930445]",-9.118542752541305,-0.06704810847456844,"[-0.23807094713955468, 0.09106878688453064]",0.038277318280367734,0.2558242475076418
total,5-7.5%,92,90,2,0.6111111111111112,"[0.5078226845453937, 0.7053024113608994]",15.522465370320697,0.17247183744800776,"[-0.019618761915730788, 0.3623330233759081]",0.061825608457225095,0.23737754391687768
total,7.5-10%,68,68,0,0.5294117647058824,"[0.4124071581374707, 0.643270889122056]",1.7812920612401089,0.02619547148882513,"[-0.20155909128522578, 0.2609917549846238]",0.0855538097605291,0.25502432727735824
total,10%+,86,86,0,0.5,"[0.39660790465524204, 0.603392095344758]",-2.754542321771167,-0.03202956188106008,"[-0.23513746419702128, 0.1681666859411767]",0.18689890882410973,0.30527876243298885
