target_season,market,method,chosen_lambda,prior_rows,prior_best_brier,prior_seasons
2023,spread,raw,0.25,356,0.24846156503653039,2022-2022
2024,spread,raw,0.25,832,0.2501797664750548,2022-2023
2025,spread,raw,0.25,1342,0.24995721942653704,2022-2024
2023,spread,isotonic_v26,0.25,356,0.2509512873748628,2022-2022
2024,spread,isotonic_v26,0.25,832,0.2508399168661745,2022-2023
2025,spread,isotonic_v26,0.25,1342,0.25050183628048034,2022-2024
2023,spread,platt_v32,0.25,356,0.2506972054100041,2022-2022
2024,spread,platt_v32,0.25,832,0.2505153005235296,2022-2023
2025,spread,platt_v32,0.25,1342,0.25029758794395207,2022-2024
2023,total,raw,0.5,362,0.24778649921716808,2022-2022
2024,total,raw,0.5,858,0.24799751788436766,2022-2023
2025,total,raw,0.25,1368,0.24892939515182289,2022-2024
2023,total,isotonic_v26,0.25,362,0.2499026357713758,2022-2022
2024,total,isotonic_v26,0.25,858,0.24991297743748697,2022-2023
2025,total,isotonic_v26,0.25,1368,0.24980974493041636,2022-2024
2023,total,platt_v32,0.5,362,0.24961144529407234,2022-2022
2024,total,platt_v32,0.5,858,0.24916525428295677,2022-2023
2025,total,platt_v32,0.5,1368,0.2494747591055015,2022-2024
