season,market,method,chosen_lambda,rows,brier
2023,spread,isotonic_v26,0.25,476,0.2507566229563153
2024,spread,isotonic_v26,0.25,510,0.2499503008936224
2025,spread,isotonic_v26,0.25,492,0.250530835509369
2023,spread,platt_v32,0.25,476,0.2503792540117965
2024,spread,platt_v32,0.25,510,0.249942417618053
2025,spread,platt_v32,0.25,492,0.25006252289653835
2023,spread,raw,0.25,476,0.2514648078870605
2024,spread,raw,0.25,510,0.24959416228071987
2025,spread,raw,0.25,492,0.2507828100933673
2023,total,isotonic_v26,0.25,496,0.24992052518573743
2024,total,isotonic_v26,0.25,510,0.24963607141852112
2025,total,isotonic_v26,0.25,494,0.24974849121971626
2023,total,platt_v32,0.5,496,0.24883960681113446
2024,total,platt_v32,0.5,510,0.24999545545401786
2025,total,platt_v32,0.5,494,0.25020032831183625
2023,total,raw,0.5,496,0.24815152747615443
2024,total,raw,0.5,510,0.25113193373651427
2025,total,raw,0.25,494,0.2504766085101944
