season,market,method,chosen_lambda,bets,settled,pushes,win_rate,units,roi
2023,spread,isotonic_v26,0.25,10,10,0,0.4,-2.0392156862745097,-0.20392156862745098
2024,spread,isotonic_v26,0.25,5,5,0,0.6,0.8894830659536543,0.17789661319073086
2025,spread,isotonic_v26,0.25,6,6,0,0.5,0.050000000000000044,0.00833333333333334
2023,spread,platt_v32,0.25,2,2,0,0.0,-2.0,-1.0
2024,spread,platt_v32,0.25,0,0,0,,0.0,
2025,spread,platt_v32,0.25,5,5,0,0.4,-0.8999999999999999,-0.18
2023,spread,raw,0.25,77,71,6,0.5211267605633803,0.6850594730645905,0.00964872497274071
2024,spread,raw,0.25,79,78,1,0.5897435897435898,10.97445005781952,0.14069807766435283
2025,spread,raw,0.25,84,84,0,0.44047619047619047,-11.881780353775236,-0.14144976611637186
2023,total,isotonic_v26,0.25,16,16,0,0.5,-0.6093073593073587,-0.03808170995670992
2024,total,isotonic_v26,0.25,1,1,0,1.0,0.9523809523809524,0.9523809523809524
2025,total,isotonic_v26,0.25,10,10,0,0.8,5.785017117958294,0.5785017117958293
2023,total,platt_v32,0.5,57,55,2,0.5454545454545454,2.496512746512749,0.045391140845686344
2024,total,platt_v32,0.5,26,26,0,0.4230769230769231,-4.8292448292448285,-0.18574018574018572
2025,total,platt_v32,0.5,15,15,0,0.7333333333333333,6.752648615001557,0.4501765743334371
2023,total,raw,0.5,139,137,2,0.5693430656934306,12.204895748374016,0.08908683028010231
2024,total,raw,0.5,129,128,1,0.5078125,-3.6711229946524035,-0.028680648395721903
2025,total,raw,0.25,52,52,0,0.5769230769230769,6.304808544648592,0.12124631816631909
