game_id,season,week,home_score,away_score,pred_margin,pred_total,pred_home_score,pred_away_score,actual_margin,actual_total
2022_01_BAL_NYJ,2022,1,9,24,-8.125982418162648,45.9089214704347,18.891469526136024,27.017451944298674,-15.0,33.0
2022_01_BUF_LA,2022,1,10,31,-5.252423275000158,48.48299292910074,21.61528482705029,26.86770810205045,-21.0,41.0
2022_01_CLE_CAR,2022,1,24,26,-5.97683071333134,41.3034124724293,17.66329087954898,23.64012159288032,-2.0,50.0
2022_01_DEN_SEA,2022,1,17,16,5.5092108267275846,47.63693760716998,26.573074216948783,21.0638633902212,1.0,33.0
2022_01_GB_MIN,2022,1,23,7,-8.352289416054873,53.33173558855396,22.489723086249544,30.842012502304417,16.0,30.0
2022_01_IND_HOU,2022,1,20,20,-8.478741815539088,45.56632121829147,18.54378970137619,27.02253151691528,0.0,40.0
2022_01_JAX_WAS,2022,1,28,22,3.5741438434161674,44.45174021591247,24.01294202966432,20.438798186248153,6.0,50.0
2022_01_KC_ARI,2022,1,21,44,-5.207654138222596,50.975520773014814,22.88393331739611,28.091587455618704,-23.0,65.0
2022_01_LV_LAC,2022,1,24,19,5.4873854486162115,50.950006237314064,28.218695842965136,22.731310394348927,5.0,43.0
2022_01_NE_MIA,2022,1,20,7,-3.9498731625997268,44.513146677559206,20.28163675747974,24.231509920079468,13.0,27.0
2022_01_NO_ATL,2022,1,26,27,-4.941383097968335,44.88539954816415,19.97200822509791,24.913391323066243,-1.0,53.0
2022_01_NYG_TEN,2022,1,20,21,13.036169472677145,43.76702727527976,28.40159837397845,15.365428901301307,-1.0,41.0
2022_01_PHI_DET,2022,1,35,38,-2.7132791087751293,49.12864813818397,23.207684514704418,25.92096362347955,-3.0,73.0
2022_01_PIT_CIN,2022,1,20,23,1.804941951643866,46.87538517597456,24.340163563809213,22.535221612165344,-3.0,43.0
2022_01_SF_CHI,2022,1,19,10,-6.1435786930196565,37.75640713775352,15.806414222366932,21.949992915386588,9.0,29.0
2022_01_TB_DAL,2022,1,3,19,0.10751090240469607,51.17413662281742,25.64082376261106,25.53331286020636,-16.0,22.0
2022_02_ARI_LV,2022,2,23,29,-0.18833757289250186,44.93662028144833,22.374141354277914,22.562478927170414,-6.0,52.0
2022_02_ATL_LA,2022,2,31,27,8.457521062395722,44.16324910661735,26.310385084506535,17.852864022110815,4.0,58.0
2022_02_CAR_NYG,2022,2,19,16,-1.9505094521658226,38.85616275881838,18.452826653326277,20.4033361054921,3.0,35.0
2022_02_CHI_GB,2022,2,27,10,11.816872033529435,43.6445828402663,27.73072743689787,15.913855403368434,17.0,37.0
2022_02_HOU_DEN,2022,2,16,9,5.212413792209778,45.080812757137394,25.146613274673587,19.934199482463807,7.0,25.0
2022_02_IND_JAX,2022,2,24,0,-4.36118622738854,43.756260737059435,19.697537254835446,24.05872348222399,24.0,24.0
2022_02_LAC_KC,2022,2,27,24,6.475855751333012,55.55878344450268,31.017319597917847,24.541463846584833,3.0,51.0
2022_02_MIA_BAL,2022,2,38,42,-0.25553950615007026,43.19202806903182,21.468244281440874,21.723783787590946,-4.0,80.0
2022_02_MIN_PHI,2022,2,24,7,4.427815832809595,51.94178542328473,28.18480062804716,23.756984795237567,17.0,31.0
2022_02_NE_PIT,2022,2,14,17,-4.747484201175018,45.444574082870645,20.348544940847813,25.096029142022832,-3.0,31.0
2022_02_NYJ_CLE,2022,2,30,31,12.751095455189187,44.307797589623355,28.52944652240627,15.778351067217084,-1.0,61.0
2022_02_SEA_SF,2022,2,27,7,4.4219824597155375,44.53282651891445,24.477404489314992,20.055422029599455,20.0,34.0
2022_02_TB_NO,2022,2,10,20,-6.788918160432071,45.77911743993754,19.495099639752734,26.284017800184802,-10.0,30.0
2022_02_TEN_BUF,2022,2,41,7,7.147621387358858,46.48077354096524,26.81419746416205,19.66657607680319,34.0,48.0
2022_02_WAS_DET,2022,2,36,27,0.4062010096272065,45.87460271128786,23.14040186045753,22.734200850830327,9.0,63.0
2022_03_ATL_SEA,2022,3,23,27,6.171577874303912,44.12042727201048,25.146002573157197,18.974424698853284,-4.0,50.0
2022_03_BAL_NE,2022,3,26,37,6.063920143906676,47.23182859048313,26.647874367194905,20.583954223288227,-11.0,63.0
2022_03_BUF_MIA,2022,3,21,19,-5.846532330904128,47.69451455384098,20.92399111146843,26.770523442372554,2.0,40.0
2022_03_CIN_NYJ,2022,3,12,27,-7.539630687171484,47.649107846923314,20.054738579875917,27.594369267047398,-15.0,39.0
2022_03_DAL_NYG,2022,3,16,23,-10.411129556676338,40.5499211588304,15.069395801077032,25.48052535775337,-7.0,39.0
2022_03_DET_MIN,2022,3,28,24,2.0732159913498664,49.997615364930894,26.03541567814038,23.962199686790512,4.0,52.0
2022_03_GB_TB,2022,3,12,14,-0.00545092447599993,47.17762966202037,23.586089368772186,23.591540293248187,-2.0,26.0
2022_03_HOU_CHI,2022,3,23,20,2.1222852991178085,39.69625422122835,20.90926976017308,18.786984461055273,3.0,43.0
2022_03_JAX_LAC,2022,3,10,38,6.729654704022266,50.410557399700615,28.57010605186144,21.840451347839174,-28.0,48.0
2022_03_KC_IND,2022,3,20,17,-7.5684974335965665,48.67835403998272,20.554928303193076,28.123425736789645,3.0,37.0
2022_03_LA_ARI,2022,3,12,20,-1.291653943809276,49.11382397556277,23.911085015876747,25.20273895968602,-8.0,32.0
2022_03_LV_TEN,2022,3,24,22,3.413462026683427,44.74009359472651,24.076777810704968,20.663315784021542,2.0,46.0
2022_03_NO_CAR,2022,3,22,14,-2.440569167159013,43.223735233815304,20.391583033328146,22.832152200487158,8.0,36.0
2022_03_PHI_WAS,2022,3,8,24,-4.828638231146589,49.14423836004987,22.15780006445164,26.98643829559823,-16.0,32.0
2022_03_PIT_CLE,2022,3,29,17,4.79634749913605,45.126009758401985,24.961178628769016,20.16483112963297,12.0,46.0
2022_03_SF_DEN,2022,3,11,10,-6.632525796619208,44.61068844746926,18.989081325425026,25.62160712204423,1.0,21.0
2022_04_ARI_CAR,2022,4,16,26,-3.4218027124803045,46.086161561035134,21.332179424277413,24.75398213675772,-10.0,42.0
2022_04_BUF_BAL,2022,4,20,23,-6.196415354454674,49.076828662326605,21.440206653935967,27.63662200839064,-3.0,43.0
2022_04_CHI_NYG,2022,4,20,12,-1.427257252025634,36.724202210552065,17.648472479263216,19.07572973128885,8.0,32.0
2022_04_CLE_ATL,2022,4,23,20,-6.3195048034001715,46.53415630677361,20.10732575168672,26.42683055508689,3.0,43.0
2022_04_DEN_LV,2022,4,32,23,0.859689066985373,42.49027750088961,21.674983283937493,20.81529421695212,9.0,55.0
2022_04_JAX_PHI,2022,4,29,21,2.6138251518001425,48.128197525733,25.37101133876657,22.75718618696643,8.0,50.0
2022_04_KC_TB,2022,4,31,41,-1.7679496047389407,48.47169523185412,23.35187281355759,25.11982241829653,-10.0,72.0
2022_04_LAC_HOU,2022,4,24,34,-8.095342504339493,47.721784006444196,19.813220751052352,27.908563255391844,-10.0,58.0
2022_04_LA_SF,2022,4,24,9,-0.5259175273416918,45.23196189571654,22.353022184187424,22.878939711529114,15.0,33.0
2022_04_MIA_CIN,2022,4,27,15,1.3130236027642974,45.06748053588343,23.190252069323865,21.87722846655957,12.0,42.0
2022_04_MIN_NO,2022,4,25,28,1.462422857815925,43.17750335113699,22.319963104476457,20.857540246660534,-3.0,53.0
2022_04_NYJ_PIT,2022,4,20,24,7.5339540155759455,41.72197543410966,24.6279647248428,17.094010709266858,-4.0,44.0
2022_04_SEA_DET,2022,4,45,48,-4.972225032707068,47.17696092720591,21.102367947249423,26.07459297995649,-3.0,93.0
2022_04_TEN_IND,2022,4,17,24,0.2715316943631825,46.08452922794371,23.178030461153448,22.906498766790264,-7.0,41.0
2022_04_WAS_DAL,2022,4,25,10,5.297769491419756,46.495844875236514,25.896807183328136,20.59903769190838,15.0,35.0
2022_05_ATL_TB,2022,5,21,15,9.825538659803765,44.43551563718682,27.13052714849529,17.304988488691528,6.0,36.0
2022_05_CHI_MIN,2022,5,29,22,4.05232897734815,41.86892461614952,22.960626796748834,18.908297819400687,7.0,51.0
2022_05_CIN_BAL,2022,5,19,17,0.09954424917861893,47.86968380382017,23.984614026499397,23.885069777320776,2.0,36.0
2022_05_DAL_LA,2022,5,10,22,3.5760046978999345,45.071681230158944,24.32384296402944,20.747838266129506,-12.0,32.0
2022_05_HOU_JAX,2022,5,6,13,8.89496319256942,42.66360312800713,25.779283160288276,16.884319967718856,-7.0,19.0
2022_05_IND_DEN,2022,5,9,12,-1.5768389781234904,43.471595758876596,20.947378390376553,22.524217368500043,-3.0,21.0
2022_05_LAC_CLE,2022,5,28,30,1.3302897463680738,49.723628476542494,25.526959111455284,24.19666936508721,-2.0,58.0
2022_05_LV_KC,2022,5,30,29,9.074405542391546,51.20077450638927,30.13759002439041,21.063184481998864,1.0,59.0
2022_05_NYG_GB,2022,5,22,27,16.80243884551471,44.30355638515684,30.552997615335777,13.750558769821064,-5.0,49.0
2022_05_PHI_ARI,2022,5,17,20,-0.6301693492047558,49.26952328547279,24.31967696813402,24.949846317338775,-3.0,37.0
2022_05_SEA_NO,2022,5,39,32,-1.2691609712677832,44.21434475025458,21.4725918894934,22.74175286076118,7.0,71.0
2022_05_SF_CAR,2022,5,15,37,-10.038998463795211,40.865950613688554,15.413476074946672,25.452474538741882,-22.0,52.0
2022_05_TEN_WAS,2022,5,17,21,-3.316759233124131,45.40470561943984,21.043973193157854,24.360732426281984,-4.0,38.0
2022_06_ARI_SEA,2022,6,19,9,1.373382244518142,49.92465981107729,25.649021027797716,24.275638783279575,10.0,28.0
2022_06_BAL_NYG,2022,6,24,20,-6.106484214251225,42.379164308398856,18.136340047073816,24.24282426132504,4.0,44.0
2022_06_BUF_KC,2022,6,20,24,-0.6989403185732956,53.28724806870983,26.294153875068268,26.99309419364156,-4.0,44.0
2022_06_CAR_LA,2022,6,24,10,10.007616449570872,46.67647340882111,28.342044929195993,18.334428479625117,14.0,34.0
2022_06_CIN_NO,2022,6,26,30,-0.6777767687042067,43.77937543571769,21.550799333506742,22.228576102210948,-4.0,56.0
2022_06_DAL_PHI,2022,6,26,17,2.7883159914129827,46.174190265958224,24.4812531286856,21.692937137272622,9.0,43.0
2022_06_DEN_LAC,2022,6,19,16,8.686152303165278,48.18432922886144,28.43524076601336,19.749088462848082,3.0,35.0
2022_06_JAX_IND,2022,6,34,27,0.540169531508033,40.319621561721675,20.429895546614855,19.88972601510682,7.0,61.0
2022_06_MIN_MIA,2022,6,16,24,-1.858194130797293,48.16346675527156,23.15263631223713,25.010830443034425,-8.0,40.0
2022_06_NE_CLE,2022,6,15,38,0.7819215822945005,39.842679265671606,20.312300423983054,19.530378841688552,-23.0,53.0
2022_06_NYJ_GB,2022,6,10,27,9.532272314953273,44.802777301414885,27.16752480818408,17.635252493230805,-17.0,37.0
2022_06_SF_ATL,2022,6,28,14,-8.07274074243032,46.80935601151336,19.36830763454152,27.44104837697184,14.0,42.0
2022_06_WAS_CHI,2022,6,7,12,0.3908333683995344,39.64312762273879,20.01698049556916,19.626147127169627,-5.0,19.0
2022_07_ATL_CIN,2022,7,35,17,6.176800763991117,47.08882916748436,26.63281496573774,20.456014201746623,18.0,52.0
2022_07_CHI_NE,2022,7,14,33,9.155300665644294,39.07704872268246,24.116174694163377,14.960874028519084,-19.0,47.0
2022_07_CLE_BAL,2022,7,23,20,0.8603788559678696,45.30245605070021,23.081417453334037,22.22103859736617,3.0,43.0
2022_07_DET_DAL,2022,7,24,6,11.585354654833571,49.27486218993116,30.430108422382368,18.844753767548795,18.0,30.0
2022_07_GB_WAS,2022,7,23,21,-7.934753796248143,41.37729557427597,16.721270889013912,24.656024685262057,2.0,44.0
2022_07_HOU_LV,2022,7,38,20,6.718010751674953,42.552846541184145,24.63542864642955,17.917417894754596,18.0,58.0
2022_07_IND_TEN,2022,7,19,10,5.373456864532741,45.41552481461658,25.39449083957466,20.02103397504192,9.0,29.0
2022_07_KC_SF,2022,7,23,44,-1.073322181922918,51.22767964296238,25.07717873051973,26.15050091244265,-21.0,67.0
2022_07_NO_ARI,2022,7,42,34,0.34129563411960184,43.20400404993238,21.77264984202599,21.431354207906388,8.0,76.0
2022_07_NYG_JAX,2022,7,17,23,4.222801134890738,43.82166242105991,24.022231777975325,19.799430643084587,-6.0,40.0
2022_07_PIT_MIA,2022,7,16,10,3.562238189225522,46.25906464916114,24.910651419193332,21.348413229967807,6.0,26.0
2022_07_SEA_LAC,2022,7,23,37,0.2545863992811772,48.54084768984914,24.39771704456516,24.14313064528398,-14.0,60.0
2022_07_TB_CAR,2022,7,21,3,-11.955965691552185,42.93587641011695,15.48995535928238,27.445921050834567,18.0,24.0
2022_08_ARI_MIN,2022,8,34,26,0.5774140558285418,48.88426321743529,24.730838636631916,24.153424580803375,8.0,60.0
2022_08_BAL_TB,2022,8,22,27,3.4963628517971275,45.856919012901635,24.676640932349382,21.180278080552252,-5.0,49.0
2022_08_CAR_ATL,2022,8,37,34,3.017414568437336,50.08031200577625,26.548863287106794,23.531448718669456,3.0,71.0
2022_08_CHI_DAL,2022,8,49,29,6.8569627021021935,41.574749357046215,24.215856029574205,17.35889332747201,20.0,78.0
2022_08_CIN_CLE,2022,8,32,13,-1.546256586927621,46.99189680744507,22.722820110258727,24.269076697186346,19.0,45.0
2022_08_DEN_JAX,2022,8,17,21,4.637823669048712,43.63576035038547,24.13679200971709,19.498968340668377,-4.0,38.0
2022_08_GB_BUF,2022,8,27,17,8.528883718531096,46.2692076769044,27.39904569771775,18.87016197918665,10.0,44.0
2022_08_LV_NO,2022,8,24,0,2.0182496956848244,46.38563353776144,24.201941616723133,22.18369192103831,24.0,24.0
2022_08_MIA_DET,2022,8,27,31,-4.5267960995779735,47.65261091916479,21.56290740979341,26.089703509371382,-4.0,58.0
2022_08_NE_NYJ,2022,8,17,22,-6.660063071164832,44.71581918613819,19.027878057486678,25.687941128651513,-5.0,39.0
2022_08_NYG_SEA,2022,8,27,13,5.607580102866108,46.4906888435213,26.049134473193703,20.441554370327594,14.0,40.0
2022_08_PIT_PHI,2022,8,35,13,6.963918906704272,48.590015290775696,27.776967098739984,20.813048192035712,22.0,48.0
2022_08_SF_LA,2022,8,14,31,2.173257806032722,43.020756853029695,22.59700732953121,20.423749523498486,-17.0,45.0
2022_09_BAL_NO,2022,9,13,27,4.399245457629075,44.2749695909073,24.337107524268184,19.937862066639113,-14.0,40.0
2022_09_BUF_NYJ,2022,9,20,17,-11.765190582187728,45.19778569016836,16.716297553990316,28.481488136178044,3.0,37.0
2022_09_CAR_CIN,2022,9,42,21,9.755332291622256,44.126851130735545,26.9410917111789,17.185759419556646,21.0,63.0
2022_09_GB_DET,2022,9,15,9,-5.224471399036263,49.28248426044237,22.029006430703053,27.253477829739314,6.0,24.0
2022_09_LAC_ATL,2022,9,17,20,0.01724520196894419,51.44069135606868,25.728968279018815,25.711723077049868,-3.0,37.0
2022_09_LA_TB,2022,9,16,13,2.049482789450947,46.01173527901426,24.030609034232604,21.981126244781656,3.0,29.0
2022_09_LV_JAX,2022,9,27,20,2.4837292133969155,46.21291073818112,24.348319975789018,21.864590762392105,7.0,47.0
2022_09_MIA_CHI,2022,9,32,35,-3.2442980965444264,45.60154724162519,21.178624572540382,24.42292266908481,-3.0,67.0
2022_09_MIN_WAS,2022,9,17,20,-3.1359557061248333,44.20576818087081,20.53490623737299,23.670861943497822,-3.0,37.0
2022_09_PHI_HOU,2022,9,17,29,-13.144920501530109,46.13085967524107,16.49296958685548,29.63789008838559,-12.0,46.0
2022_09_SEA_ARI,2022,9,21,31,-0.31202261849354773,47.72627232086708,23.707124851186766,24.019147469680316,-10.0,52.0
2022_10_ATL_CAR,2022,10,25,15,-3.1037358952274428,44.33656375762522,20.61641393119889,23.720149826426333,10.0,40.0
2022_10_CLE_MIA,2022,10,39,17,0.4911408632687785,48.1326566196078,24.311898741438288,23.820757878169513,22.0,56.0
2022_10_DAL_GB,2022,10,31,28,-5.874323015931426,46.66312834744465,20.394402665756612,26.268725681688036,3.0,59.0
2022_10_DEN_TEN,2022,10,17,10,5.247980129292798,44.39516590384202,24.82157301656741,19.57359288727461,7.0,27.0
2022_10_DET_CHI,2022,10,30,31,1.4978890608186772,45.67907233948795,23.588480700153315,22.090591639334637,-1.0,61.0
2022_10_HOU_NYG,2022,10,24,16,8.46833483095459,42.11161529258212,25.289975061768356,16.821640230813767,8.0,40.0
2022_10_IND_LV,2022,10,20,25,2.4400348580006925,43.421496426783634,22.930765642392164,20.49073078439147,-5.0,45.0
2022_10_JAX_KC,2022,10,27,17,6.396687706619128,49.35284216948058,27.874764938049854,21.478077231430728,10.0,44.0
2022_10_LAC_SF,2022,10,22,16,5.950261627440534,49.905225247762836,27.927743437601684,21.97748181016115,6.0,38.0
2022_10_MIN_BUF,2022,10,30,33,6.4149142704675315,48.66171833904905,27.538316304758293,21.12340203429076,-3.0,63.0
2022_10_NO_PIT,2022,10,20,10,-5.137839559700644,44.43500687434478,19.648583657322067,24.786423217022712,10.0,30.0
2022_10_SEA_TB,2022,10,21,16,1.4142799749255017,46.42859334183856,23.921436658382028,22.50715668345653,5.0,37.0
2022_10_WAS_PHI,2022,10,21,32,9.456059251442356,46.658217807761424,28.05713852960189,18.601079278159535,-11.0,53.0
2022_11_CAR_BAL,2022,11,13,3,11.157294326488072,47.327466590848154,29.242380458668112,18.08508613218004,10.0,16.0
2022_11_CHI_ATL,2022,11,27,24,1.5913937030458851,45.72700021565237,23.659196959349128,22.06780325630324,3.0,51.0
2022_11_CIN_PIT,2022,11,30,37,-4.170584448182969,47.06697864042356,21.448197096120293,25.618781544303264,-7.0,67.0
2022_11_CLE_BUF,2022,11,31,23,5.115456509021615,46.92439037702508,26.019923443023345,20.904466934001732,8.0,54.0
2022_11_DAL_MIN,2022,11,3,40,-4.036836227863188,48.74235737073164,22.352760571434224,26.389596799297415,-37.0,43.0
2022_11_DET_NYG,2022,11,18,31,2.8472186228175467,47.3112908934356,25.079254758126574,22.232036135309023,-13.0,49.0
2022_11_KC_LAC,2022,11,27,30,-8.097275186078715,51.471636508730455,21.68718066132587,29.784455847404587,-3.0,57.0
2022_11_LA_NO,2022,11,27,20,2.2516928557073843,43.15220819073456,22.701950523220972,20.45025766751359,7.0,47.0
2022_11_LV_DEN,2022,11,16,22,-1.2391682779072408,44.67856570803352,21.71969871506314,22.95886699297038,-6.0,38.0
2022_11_NYJ_NE,2022,11,10,3,6.176478910704723,37.06306468853936,21.619771799622043,15.44329288891732,7.0,13.0
2022_11_PHI_IND,2022,11,16,17,-5.700441694557108,43.86391810660135,19.081738206022123,24.78217990057923,-1.0,33.0
2022_11_SF_ARI,2022,11,10,38,-6.622822816360956,46.97139714490525,20.174287164272144,26.797109980633103,-28.0,48.0
2022_11_TEN_GB,2022,11,17,27,0.48633251692795854,46.82535284225898,23.65584267959347,23.16951016266551,-10.0,44.0
2022_11_WAS_HOU,2022,11,10,23,-5.134173661565908,41.34609537923225,18.10596085883317,23.24013452039908,-13.0,33.0
2022_12_ATL_WAS,2022,12,19,13,1.913261717350682,43.33676722361447,22.625014470482576,20.711752753131897,6.0,32.0
2022_12_BAL_JAX,2022,12,28,27,-0.5881432263283322,44.538896849952984,21.975376811812325,22.56352003814066,1.0,55.0
2022_12_BUF_DET,2022,12,25,28,-7.0504836659456975,50.467746729720915,21.708631531887608,28.759115197833307,-3.0,53.0
2022_12_CHI_NYJ,2022,12,31,10,1.3723789095574026,47.19896868366959,24.285673796613498,22.913294887056093,21.0,41.0
2022_12_CIN_TEN,2022,12,16,20,-1.5002599331609667,50.07588281552929,24.28781144118416,25.78807137434513,-4.0,36.0
2022_12_DEN_CAR,2022,12,23,10,-2.3304376424153253,39.89697176182035,18.783267059702514,21.11370470211784,13.0,33.0
2022_12_GB_PHI,2022,12,40,33,7.12010001083156,47.29390116034482,27.20700058558819,20.086900574756626,7.0,73.0
2022_12_HOU_MIA,2022,12,30,15,11.222523625500793,50.674707132990065,30.948615379245428,19.726091753744637,15.0,45.0
2022_12_LAC_ARI,2022,12,24,25,-2.2656897885033738,49.174292440712726,23.454301326104677,25.71999111460805,-1.0,49.0
2022_12_LV_SEA,2022,12,34,40,7.576712882941634,48.0277679837169,27.802240433329267,20.225527550387632,-6.0,74.0
2022_12_NE_MIN,2022,12,33,26,-5.3456362031189455,43.383117852175765,19.01874082452841,24.364377027647354,7.0,59.0
2022_12_NO_SF,2022,12,13,0,7.172606825378905,49.456160946651586,28.314383886015246,21.14177706063634,13.0,13.0
2022_12_NYG_DAL,2022,12,28,20,6.847676562382453,49.54046849690496,28.194072529643705,21.34639596726125,8.0,48.0
2022_12_PIT_IND,2022,12,17,24,1.7559432322018913,41.66956693532768,21.712755083764787,19.956811851562893,-7.0,41.0
2022_12_TB_CLE,2022,12,23,17,-1.512645124115186,47.33968024526209,22.91351756057345,24.426162684688638,6.0,40.0
2022_13_BUF_NE,2022,13,10,24,-1.4450378846730134,42.319589125160995,20.43727562024399,21.882313504917004,-14.0,34.0
2022_13_CLE_HOU,2022,13,14,27,-7.964991817666458,44.763059199544585,18.399033690939063,26.364025508605522,-13.0,41.0
2022_13_DEN_BAL,2022,13,10,9,10.178565528541872,40.32843714957895,25.253501339060413,15.07493581051854,1.0,19.0
2022_13_GB_CHI,2022,13,19,28,-4.722808180471764,48.565162390476324,21.92117710500228,26.643985285474045,-9.0,47.0
2022_13_IND_DAL,2022,13,54,19,9.725275256764284,45.97357015871056,27.84942270773742,18.124147450973137,35.0,73.0
2022_13_JAX_DET,2022,13,40,14,-0.7450263436812958,49.94900343099508,24.60198854365689,25.347014887338187,26.0,54.0
2022_13_KC_CIN,2022,13,27,24,-1.8223307527600807,52.92276510610029,25.550217176670106,27.372547929430187,3.0,51.0
2022_13_LAC_LV,2022,13,27,20,-2.503499367195321,50.019207487737155,23.757854060270915,26.26135342746624,7.0,47.0
2022_13_NO_TB,2022,13,17,16,4.378392123297946,46.66146113390244,25.519926628600196,21.141534505302246,1.0,33.0
2022_13_NYJ_MIN,2022,13,27,22,0.5984576772446365,46.423326482456446,23.510892079850542,22.912434402605903,5.0,49.0
2022_13_PIT_ATL,2022,13,16,19,0.16402491309693445,47.19441291927671,23.67921891618682,23.51519400308989,-3.0,35.0
2022_13_SEA_LA,2022,13,23,27,-10.793303904464832,43.44393589962935,16.32531599758226,27.118619902047094,-4.0,50.0
2022_13_TEN_PHI,2022,13,35,10,4.303113385474336,47.59635132375913,25.94973235461673,21.6466189691424,25.0,45.0
2022_13_WAS_NYG,2022,13,20,20,-1.5368004901146104,43.032779744073714,20.747989626979553,22.28479011709416,0.0,40.0
2022_14_BAL_PIT,2022,14,14,16,-1.148502970915511,44.29047331398441,21.57098517153445,22.719488142449958,-2.0,30.0
2022_14_CAR_SEA,2022,14,24,30,8.528568353022465,44.13014272725837,26.329355540140416,17.80078718711795,-6.0,54.0
2022_14_CLE_CIN,2022,14,23,10,5.186626608964233,50.03601470083257,27.6113206548984,22.424694045934167,13.0,33.0
2022_14_HOU_DAL,2022,14,27,23,19.022429098386016,45.0803398361051,32.051384467245555,13.02895536885954,4.0,50.0
2022_14_JAX_TEN,2022,14,22,36,-0.5853034064615255,47.68292927494847,23.54881293424347,24.134116340705,-14.0,58.0
2022_14_KC_DEN,2022,14,28,34,-12.827114539584455,46.00052087804672,16.586703169231132,29.41381770881559,-6.0,62.0
2022_14_LV_LA,2022,14,17,16,-2.0740460276636563,47.32408300796478,22.625018490150563,24.699064517814218,1.0,33.0
2022_14_MIA_LAC,2022,14,23,17,-0.6305375064766483,48.93392894008164,24.151695716802497,24.782233223279146,6.0,40.0
2022_14_MIN_DET,2022,14,34,23,1.6002121379471619,52.2784241501868,26.93931814406698,25.33910600611982,11.0,57.0
2022_14_NE_ARI,2022,14,13,27,-3.746207841942118,44.22813009358753,20.240961125822707,23.987168967764823,-14.0,40.0
2022_14_NYJ_BUF,2022,14,20,12,8.123729885274884,46.52250354370168,27.323116714488282,19.1993868292134,8.0,32.0
2022_14_PHI_NYG,2022,14,22,48,-6.599606803217522,45.36845260965,19.38442290321624,25.98402970643376,-26.0,70.0
2022_15_ARI_DEN,2022,15,24,15,-4.539286997014202,41.48681205383871,18.473762528412255,23.013049525426457,9.0,39.0
2022_15_BAL_CLE,2022,15,13,3,1.173750894532756,45.066036699075305,23.119893796804032,21.946142902271273,10.0,16.0
2022_15_CIN_TB,2022,15,23,34,-1.5063761562675164,49.78788777334566,24.140755808539073,25.647131964806587,-11.0,57.0
2022_15_DAL_JAX,2022,15,40,34,-5.912804316458143,50.7550392020699,22.42111744280588,28.333921759264022,6.0,74.0
2022_15_DET_NYJ,2022,15,17,20,-5.105149551756741,48.47268043252476,21.68376544038401,26.78891499214075,-3.0,37.0
2022_15_IND_MIN,2022,15,39,36,3.861203834568739,45.747094039788685,24.804148937178713,20.942945102609972,3.0,75.0
2022_15_KC_HOU,2022,15,24,30,-17.01789170189298,45.5349362821597,14.258522290133358,31.27641399202634,-6.0,54.0
2022_15_LA_GB,2022,15,24,12,9.742142048410274,45.4543553267014,27.598248687555838,17.856106639145565,12.0,36.0
2022_15_MIA_BUF,2022,15,32,29,6.261106424366455,47.61525569829173,26.938181061329093,20.67707463696264,3.0,61.0
2022_15_NE_LV,2022,15,30,24,-1.9905985592868742,44.27730530369588,21.143353372204505,23.133951931491378,6.0,54.0
2022_15_NYG_WAS,2022,15,12,20,4.062523103514503,44.25080307313226,24.15666308832338,20.09413998480888,-8.0,32.0
2022_15_PHI_CHI,2022,15,20,25,-10.575178979233495,45.29230631490226,17.35856366783438,27.93374264706788,-5.0,45.0
2022_15_PIT_CAR,2022,15,16,24,-0.07473128113736793,43.027046416267886,21.47615756756526,21.550888848702627,-8.0,40.0
2022_15_SF_SEA,2022,15,13,21,-0.8173127473471087,49.43371392255974,24.308200587606315,25.125513334953425,-8.0,34.0
2022_15_TEN_LAC,2022,15,17,14,5.253414426664337,46.61123483018275,25.932324628423544,20.67891020175921,3.0,31.0
2022_16_BUF_CHI,2022,16,13,35,-9.158901011455479,44.893655080606955,17.86737703457574,27.026278046031216,-22.0,48.0
2022_16_CIN_NE,2022,16,18,22,-4.126574424883737,46.24311543729506,21.058270506205663,25.184844931089398,-4.0,40.0
2022_16_DEN_LA,2022,16,51,14,-3.143727238795102,41.224554074095835,19.040413417650367,22.184140656445468,37.0,65.0
2022_16_DET_CAR,2022,16,37,23,-3.8004972676017843,48.157346505817344,22.17842461910778,25.978921886709564,14.0,60.0
2022_16_GB_MIA,2022,16,20,26,-0.834471310157588,49.275233106594044,24.220380898218227,25.054852208375817,-6.0,46.0
2022_16_HOU_TEN,2022,16,14,19,9.466432357976087,35.321524949795574,22.39397865388583,12.927546295909742,-5.0,33.0
2022_16_JAX_NYJ,2022,16,3,19,-5.777912452813593,46.46537822336134,20.343732885273873,26.12164533808747,-16.0,22.0
2022_16_LAC_IND,2022,16,3,20,-4.993811011892384,43.51675882259431,19.261473905350964,24.255284917243348,-17.0,23.0
2022_16_LV_PIT,2022,16,13,10,3.711786391043484,46.269894324851016,24.99084035794725,21.279053966903767,3.0,23.0
2022_16_NO_CLE,2022,16,10,17,2.7197757417298023,45.22462393205743,23.97219983689362,21.252424095163814,-7.0,27.0
2022_16_NYG_MIN,2022,16,27,24,1.2863888810846853,49.15965852092629,25.223023701005488,23.936634819920805,3.0,51.0
2022_16_PHI_DAL,2022,16,40,34,2.8495229518472662,50.6444853783965,26.747004165121886,23.897481213274617,6.0,74.0
2022_16_SEA_KC,2022,16,24,10,9.816226731629508,49.650487802516054,29.73335726707278,19.917130535443274,14.0,34.0
2022_16_WAS_SF,2022,16,37,20,4.835349090971624,40.97285080515735,22.904099948064488,18.068750857092862,17.0,57.0
2022_17_ARI_ATL,2022,17,20,19,6.983817966381143,42.74450472021359,24.86416134329737,17.880343376916223,1.0,39.0
2022_17_CAR_TB,2022,17,30,24,3.2568871427729924,44.994136150186335,24.125511646479666,20.86862450370667,6.0,54.0
2022_17_CHI_DET,2022,17,41,10,6.282099193697539,49.00886153395564,27.64548036382659,21.36338117012905,31.0,51.0
2022_17_CLE_WAS,2022,17,10,24,-0.8819420743624073,42.414363649129314,20.766210787383454,21.64815286174586,-14.0,34.0
2022_17_DEN_KC,2022,17,27,24,16.25722780948467,46.437789815127324,31.347508812305996,15.090281002821326,3.0,51.0
2022_17_IND_NYG,2022,17,38,10,7.758013691864327,42.98152178226215,25.36976773706324,17.61175404519891,28.0,48.0
2022_17_JAX_HOU,2022,17,3,31,-8.84905540175483,42.467656503643184,16.809300550944176,25.658355952699008,-28.0,34.0
2022_17_LA_LAC,2022,17,31,10,7.965069983913169,43.10411163467148,25.534590809292325,17.569520825379158,21.0,41.0
2022_17_MIN_GB,2022,17,41,17,2.2587314079187975,49.539687404341706,25.89920940613025,23.640477998211455,24.0,58.0
2022_17_NO_PHI,2022,17,10,20,4.21078960725806,45.65079257885765,24.930791093057852,20.720001485799795,-10.0,30.0
2022_17_NYJ_SEA,2022,17,23,6,3.0237268465744354,42.541636340089994,22.782681593332214,19.75895474675778,17.0,29.0
2022_17_PIT_BAL,2022,17,13,16,-2.054979011593839,42.0657215516005,20.00537127000333,22.060350281597167,-3.0,29.0
2022_18_ARI_SF,2022,18,38,13,16.31342839826861,45.33743170259926,30.825430050433937,14.512001652165326,25.0,51.0
2022_18_CAR_NO,2022,18,7,10,5.097897888154879,43.89090373012042,24.49440080913765,19.39650292098277,-3.0,17.0
2022_18_CLE_PIT,2022,18,28,14,2.5715924883086387,43.816761896423294,23.194177192365967,20.622584704057328,14.0,42.0
2022_18_DET_GB,2022,18,16,20,1.092586958338952,51.085898062484006,26.08924251041148,24.996655552072525,-4.0,36.0
2022_18_HOU_IND,2022,18,31,32,1.8030503928048085,41.800047278370926,21.801548835587866,19.99849844278306,-1.0,63.0
2022_18_LAC_DEN,2022,18,31,28,-9.776824537482584,42.83392040373293,16.528547933125175,26.305372470607757,3.0,59.0
2022_18_LA_SEA,2022,18,19,16,4.724406328365193,41.66840426876182,23.196405298563505,18.471998970198314,3.0,35.0
2022_18_MIN_CHI,2022,18,13,29,-10.255521961978069,40.47705603650878,15.110767037265354,25.366288999243423,-16.0,42.0
2022_18_NE_BUF,2022,18,35,23,10.10787506170685,44.67227434439985,27.39007470305335,17.2821996413465,12.0,58.0
2022_18_NYJ_MIA,2022,18,11,6,5.425603457732471,38.316355048120705,21.87097925292659,16.445375795194117,5.0,17.0
2022_18_TB_ATL,2022,18,30,17,-2.026690360657727,46.28724111376892,22.1302753765556,24.156965737213323,13.0,47.0
2023_01_BUF_NYJ,2023,1,22,16,-10.255134158379672,41.53418071138913,15.63952327650473,25.8946574348844,6.0,38.0
2023_01_CIN_CLE,2023,1,24,3,-3.1340183175084952,46.66897752760246,21.76747960504698,24.90149792255548,21.0,27.0
2023_01_DAL_NYG,2023,1,0,40,-2.4715797836176976,47.980747677856314,22.754583947119308,25.226163730737007,-40.0,40.0
2023_01_DET_KC,2023,1,20,21,8.113675540000923,50.95611734494243,29.534896442471677,21.42122090247075,-1.0,41.0
2023_01_LA_SEA,2023,1,13,30,2.403211240049359,42.577922171902344,22.49056670597585,20.087355465926493,-17.0,43.0
2023_01_LV_DEN,2023,1,16,17,-3.0601440536427162,45.69041131381425,21.315133630085768,24.375277683728484,-1.0,33.0
2023_01_MIA_LAC,2023,1,34,36,4.4856623118645125,45.94631830722668,25.215990309545596,20.730327997681087,-2.0,70.0
2023_01_PHI_NE,2023,1,20,25,-4.163418772645578,45.28619450995953,20.561387868656976,24.724806641302553,-5.0,45.0
2023_01_SF_PIT,2023,1,7,30,-3.655277957740947,45.74127929230107,21.04300066728006,24.69827862502101,-23.0,37.0
2023_01_TB_MIN,2023,1,17,20,2.9770510450575705,45.12845385779009,24.05275245142383,21.07570140636626,-3.0,37.0
2023_01_TEN_NO,2023,1,16,15,2.4418927429403094,39.70572746308606,21.073810103013187,18.631917360072876,1.0,31.0
2023_02_BAL_CIN,2023,2,24,27,3.114714779920308,42.270356325357,22.692535552638653,19.577820772718347,-3.0,51.0
2023_02_CHI_TB,2023,2,27,17,7.0093530688283385,43.04176742447814,25.02556024665324,18.0162071778249,10.0,44.0
2023_02_CLE_PIT,2023,2,26,22,-0.5312064686827269,39.19474308757401,19.331768309445643,19.86297477812837,4.0,48.0
2023_02_GB_ATL,2023,2,25,24,2.09896042410436,47.81915654215784,24.959058483131102,22.86009805902674,1.0,49.0
2023_02_KC_JAX,2023,2,9,17,-4.917727415484726,47.03687239717056,21.059572490842918,25.977299906327644,-8.0,26.0
2023_02_LAC_TEN,2023,2,27,24,-6.13212606021686,44.370269072443726,19.119071506113432,25.251197566330294,3.0,51.0
2023_02_LV_BUF,2023,2,38,10,9.6407623869631,47.219090092017055,28.42992623949008,18.789163852526976,28.0,48.0
2023_02_MIA_NE,2023,2,17,24,-1.0355896380705665,43.24876575338607,21.10658805765775,22.142177695728318,-7.0,41.0
2023_02_MIN_PHI,2023,2,34,28,0.29312254066651766,48.405951453416144,24.34953699704133,24.056414456374814,6.0,62.0
2023_02_NYG_ARI,2023,2,28,31,-5.04505417649866,41.701285758067,18.32811579078417,23.37316996728283,-3.0,59.0
2023_02_NYJ_DAL,2023,2,30,10,10.957150444005869,41.16991302790139,26.063531735953628,15.10638129194776,20.0,40.0
2023_02_SEA_DET,2023,2,31,37,4.8491073750739755,50.77987903433574,27.81449320470486,22.965385829630883,-6.0,68.0
2023_02_SF_LA,2023,2,23,30,-7.1540843223182735,48.71991792955666,20.78291680361919,27.937001125937467,-7.0,53.0
2023_02_WAS_DEN,2023,2,33,35,1.4185276728559328,35.47656183262053,18.44754475273823,17.0290170798823,-2.0,68.0
2023_03_ATL_DET,2023,3,20,6,2.75126496265218,46.294255483387516,24.522760223019848,21.77149526036767,14.0,26.0
2023_03_BUF_WAS,2023,3,3,37,-11.723185835055535,43.53796268095845,15.907388422951458,27.630574258006995,-34.0,40.0
2023_03_CAR_SEA,2023,3,37,27,2.126461805470734,42.518141335094455,22.322301570282594,20.19583976481186,10.0,64.0
2023_03_CHI_KC,2023,3,41,10,16.23840000613205,43.41497817883776,29.826689092484905,13.588289086352853,31.0,51.0
2023_03_DAL_ARI,2023,3,28,16,-10.56527997642959,46.484124714037684,17.95942236880405,28.524702345233635,12.0,44.0
2023_03_DEN_MIA,2023,3,70,20,7.658284089291216,47.88587050309034,27.772077296190776,20.11379320689956,50.0,90.0
2023_03_HOU_JAX,2023,3,17,37,10.786128031035432,43.146736844662236,26.966432437848834,16.180304406813402,-20.0,54.0
2023_03_IND_BAL,2023,3,19,22,8.850705888809507,47.11283400822567,27.981769948517588,19.13106405970808,-3.0,41.0
2023_03_LAC_MIN,2023,3,24,28,-1.438938590363704,48.57204986216856,23.56655563590243,25.005494226266133,-4.0,52.0
2023_03_LA_CIN,2023,3,19,16,2.193911577774043,45.42819072607653,23.811051151925287,21.617139574151242,3.0,35.0
2023_03_NE_NYJ,2023,3,10,15,-4.443766029137149,38.97970503886834,17.267969504865594,21.711735534002745,-5.0,25.0
2023_03_NO_GB,2023,3,18,17,-0.17346233525242782,42.435024676242534,21.13078117049505,21.304243505747483,1.0,35.0
2023_03_NYG_SF,2023,3,30,12,9.165061418400633,47.11809526938222,28.141578343891428,18.976516925490795,18.0,42.0
2023_03_PHI_TB,2023,3,11,25,0.7047157000573048,47.87316092120936,24.288938310633334,23.584222610576028,-14.0,36.0
2023_03_PIT_LV,2023,3,18,23,0.31963959901604677,43.79522472051625,22.05743215976615,21.7377925607501,-5.0,41.0
2023_03_TEN_CLE,2023,3,27,3,6.1008626890279345,40.685907992020944,23.39338534052444,17.292522651496505,24.0,30.0
2023_04_ARI_SF,2023,4,35,16,14.296633074051137,48.00221729155971,31.149425182805423,16.852792108754286,19.0,51.0
2023_04_ATL_JAX,2023,4,23,7,2.917084926376493,39.42238852214532,21.169736724260908,18.25265179788441,16.0,30.0
2023_04_CIN_TEN,2023,4,27,3,-5.147470549223072,41.949176712404984,18.400853081590956,23.54832363081403,24.0,30.0
2023_04_DEN_CHI,2023,4,28,31,-2.181194499083123,46.38982108816109,22.104313294538983,24.28550779362211,-3.0,59.0
2023_04_DET_GB,2023,4,20,34,-3.5728854821726967,47.674277920792235,22.05069621930977,25.623581701482465,-14.0,54.0
2023_04_KC_NYJ,2023,4,20,23,-14.699997839687708,41.64121429546239,13.470608227887341,28.17060606757505,-3.0,43.0
2023_04_MIA_BUF,2023,4,48,20,3.174563896458091,48.886996082921804,26.030779989689947,22.856216093231858,28.0,68.0
2023_04_MIN_CAR,2023,4,13,21,-2.0636113015761692,42.22282047210663,20.079604585265233,22.1432158868414,-8.0,34.0
2023_04_NE_DAL,2023,4,38,3,6.298886621439076,45.597697900831335,25.948292261135204,19.64940563969613,35.0,41.0
2023_04_PIT_HOU,2023,4,30,6,-3.8182128888766362,41.46715851517218,18.82447281314777,22.64268570202441,24.0,36.0
2023_04_SEA_NYG,2023,4,3,24,0.5259033987366118,46.968462559335556,23.747182979036083,23.221279580299473,-21.0,27.0
2023_04_TB_NO,2023,4,9,26,2.085055327448899,41.341789644404905,21.713422485926902,19.628367158478003,-17.0,35.0
2023_04_WAS_PHI,2023,4,34,31,8.707202734966476,38.738185659735244,23.72269419735086,15.015491462384384,3.0,65.0
2023_05_BAL_PIT,2023,5,17,10,-4.263820960005586,39.91251845862122,17.824348749307816,22.088169709313405,7.0,27.0
2023_05_CAR_DET,2023,5,42,24,7.075266819517501,47.355154164452124,27.215210491984813,20.13994367246731,18.0,66.0
2023_05_CHI_WAS,2023,5,20,40,5.1541910985812915,41.67032508714865,23.41225809286497,18.258066994283677,-20.0,60.0
2023_05_CIN_ARI,2023,5,20,34,-5.182660762953994,45.9999751030065,20.408657170026252,25.591317932980246,-14.0,54.0
2023_05_DAL_SF,2023,5,42,10,5.482783301730765,50.690613458023606,28.086698379877184,22.60391507814642,32.0,52.0
2023_05_GB_LV,2023,5,17,13,1.7602452619822018,48.18234813096071,24.971296696471455,23.211051434489256,4.0,30.0
2023_05_HOU_ATL,2023,5,21,19,3.3835398290218537,42.27861013480387,22.831074981912863,19.447535152891007,2.0,40.0
2023_05_JAX_BUF,2023,5,20,25,10.626792588941989,46.58608686724947,28.60643972809573,17.97964713915374,-5.0,45.0
2023_05_KC_MIN,2023,5,20,27,-8.578863338701044,46.73276498066902,19.07695082098399,27.65581415968503,-7.0,47.0
2023_05_NO_NE,2023,5,0,34,1.1074892429181968,37.9900312640038,19.548760253460998,18.4412710105428,-34.0,34.0
2023_05_NYG_MIA,2023,5,31,16,7.380385364291457,47.10838276827679,27.244384066284123,19.863998701992667,15.0,47.0
2023_05_NYJ_DEN,2023,5,21,31,4.7116566069685435,41.08841737894317,22.900036992955858,18.188380385987312,-10.0,52.0
2023_05_PHI_LA,2023,5,14,23,-0.539438574064397,49.60413067960239,24.532346052768997,25.071784626833395,-9.0,37.0
2023_05_TEN_IND,2023,5,23,16,0.606062887001304,44.78813889348479,22.697100890243046,22.091038003241746,7.0,39.0
2023_06_ARI_LA,2023,6,26,9,8.075425376122352,47.26962926359749,27.67252731985992,19.597101943737567,17.0,35.0
2023_06_BAL_TEN,2023,6,16,24,-5.756207834081416,39.74074169018075,16.992266928049666,22.74847476213108,-8.0,40.0
2023_06_CAR_MIA,2023,6,42,21,12.267429914304074,47.95755009791528,30.112490006109677,17.845060091805603,21.0,63.0
2023_06_DAL_LAC,2023,6,17,20,1.3588812299539286,49.22672313570697,25.29280218283045,23.93392095287652,-3.0,37.0
2023_06_DEN_KC,2023,6,19,8,15.664521734341967,50.115701853851874,32.890111794096924,17.225590059754953,11.0,27.0
2023_06_DET_TB,2023,6,6,20,0.5281712957662861,45.995563007755216,23.26186715176075,22.733695855994466,-14.0,26.0
2023_06_IND_JAX,2023,6,37,20,5.396763548347428,48.2551228622678,26.825943205307613,21.429179656960184,17.0,57.0
2023_06_NE_LV,2023,6,21,17,7.333715908687693,41.26842982792465,24.30107286830617,16.967356959618478,4.0,38.0
2023_06_NO_HOU,2023,6,20,13,-1.3760679854966722,42.01027574002181,20.317103877262568,21.693171862759243,7.0,33.0
2023_06_NYG_BUF,2023,6,14,9,17.334090105164194,41.36634758102712,29.350218843095657,12.016128737931464,5.0,23.0
2023_06_PHI_NYJ,2023,6,20,14,-8.40348926462002,43.801979786112824,17.6992452607464,26.102734525366422,6.0,34.0
2023_06_SEA_CIN,2023,6,17,13,3.210295441842127,45.88026412481262,24.545279783327373,21.334984341485246,4.0,30.0
2023_06_SF_CLE,2023,6,19,17,-12.958868356636092,42.51274661178172,14.776939127572815,27.735807484208905,2.0,36.0
2023_06_WAS_ATL,2023,6,16,24,6.142185872566713,41.37229716622338,23.75724151939505,17.615055646828335,-8.0,40.0
2023_07_ARI_SEA,2023,7,20,10,13.076994403180652,43.65087470823339,28.36393455570702,15.286940152526368,10.0,30.0
2023_07_ATL_TB,2023,7,13,16,1.2888733695740089,38.77242505785597,20.030649213714987,18.74177584414098,-3.0,29.0
2023_07_BUF_NE,2023,7,29,25,-12.626120845113093,41.32070760677595,14.347293380831427,26.97341422594452,4.0,54.0
2023_07_CLE_IND,2023,7,38,39,-2.2591409868285335,41.685939377686154,19.71339919542881,21.972540182257344,-1.0,77.0
2023_07_DET_BAL,2023,7,38,6,-0.44158043792547064,44.63056000262267,22.0944897823486,22.536070220274073,32.0,44.0
2023_07_GB_DEN,2023,7,19,17,-2.800288023450754,44.435900540871366,20.817806258710306,23.61809428216106,2.0,36.0
2023_07_JAX_NO,2023,7,24,31,0.5035349953550028,39.70985511858632,20.10669505697066,19.603160061615657,-7.0,55.0
2023_07_LAC_KC,2023,7,31,17,10.227743946320494,47.60211542222129,28.91492968427089,18.687185737950397,14.0,48.0
2023_07_MIA_PHI,2023,7,31,17,-2.240134479758264,49.268497730208686,23.514181625225213,25.754316104983474,14.0,48.0
2023_07_PIT_LA,2023,7,17,24,4.45960934656566,43.29751338697779,23.878561366771727,19.418952020206063,-7.0,41.0
2023_07_SF_MIN,2023,7,22,17,-8.240591289686321,45.50406729773752,18.6317380040256,26.87232929371192,5.0,39.0
2023_07_WAS_NYG,2023,7,14,7,0.3409232892767342,42.0591355421202,21.200029415698467,20.859106126421736,7.0,21.0
2023_08_BAL_ARI,2023,8,24,31,-10.866271915654977,42.94326207193972,16.038495078142372,26.90476699379735,-7.0,55.0
2023_08_CHI_LAC,2023,8,30,13,3.3719939483329413,37.4223338153589,20.39716388184592,17.025169933512977,17.0,43.0
2023_08_CIN_SF,2023,8,17,31,7.267615218438088,47.31455131751289,27.291083267975488,20.0234680495374,-14.0,48.0
2023_08_CLE_SEA,2023,8,24,20,5.677295294807315,38.75945427580291,22.218374785305112,16.541079490497797,4.0,44.0
2023_08_HOU_CAR,2023,8,15,13,0.3064648539470338,39.145656074751656,19.726060464349345,19.41959561040231,2.0,28.0
2023_08_JAX_PIT,2023,8,10,20,0.8199532236013509,42.99093353811307,21.90544338085721,21.085490157255858,-10.0,30.0
2023_08_KC_DEN,2023,8,24,9,-14.028452174707741,45.58365206188625,15.777599943589253,29.806052118296996,15.0,33.0
2023_08_LA_DAL,2023,8,43,20,5.277287898647631,43.87369124331615,24.57548957098189,19.29820167233426,23.0,63.0
2023_08_LV_DET,2023,8,26,14,6.255517815979187,49.35600878892479,27.80576330245199,21.5502454864728,12.0,40.0
2023_08_MIN_GB,2023,8,10,24,0.1532124622857184,45.468380760634915,22.810796611460315,22.6575841491746,-14.0,34.0
2023_08_NE_MIA,2023,8,31,17,8.415196801827964,45.95184699359907,27.18352189771352,18.76832509588555,14.0,48.0
2023_08_NO_IND,2023,8,27,38,-2.7929126420000823,43.90094144588857,20.554014401944244,23.346927043944326,-11.0,65.0
2023_08_NYJ_NYG,2023,8,10,13,0.9285999130328779,38.04240312566547,19.485501519349175,18.5569016063163,-3.0,23.0
2023_08_PHI_WAS,2023,8,31,38,-6.613612376192999,44.43907942357571,18.912733523691358,25.526345899884355,-7.0,69.0
2023_08_TB_BUF,2023,8,24,18,11.17492853941108,43.7211383665938,27.448033453002438,16.27310491359136,6.0,42.0
2023_09_BUF_CIN,2023,9,24,18,-3.4629426018947562,48.11993320024792,22.32849529917658,25.79143790107134,6.0,42.0
2023_09_CHI_NO,2023,9,24,17,5.694563802936573,34.99013401967385,20.342348911305212,14.647785108368641,7.0,41.0
2023_09_DAL_PHI,2023,9,28,23,-1.181136096312172,46.70731989880403,22.76309190124593,23.9442279975581,5.0,51.0
2023_09_IND_CAR,2023,9,13,27,-0.36127400730466874,44.57694829936078,22.107837146028054,22.469111153332726,-14.0,40.0
2023_09_LAC_NYJ,2023,9,6,27,-4.319263339763714,40.999641710998375,18.34018918561733,22.659452525381045,-21.0,33.0
2023_09_LA_GB,2023,9,20,3,1.6837062053486864,46.447911047929836,24.06580862663926,22.382102421290575,17.0,23.0
2023_09_MIA_KC,2023,9,21,14,4.305251800861424,46.81678394183595,25.56101787134869,21.25576607048726,7.0,35.0
2023_09_MIN_ATL,2023,9,28,31,-1.6502837486730222,40.2873683538577,19.31854230259234,20.96882605126536,-3.0,59.0
2023_09_SEA_BAL,2023,9,37,3,1.5258178665783992,44.94842880469391,23.237123335636156,21.711305469057756,34.0,40.0
2023_09_TB_HOU,2023,9,39,37,-0.9450205059743508,42.37445764351688,20.714718568771264,21.659739074745612,2.0,76.0
2023_09_WAS_NE,2023,9,17,20,1.0196839668336914,39.10358007539477,20.061632021114228,19.04194805428054,-3.0,37.0
2023_10_ATL_ARI,2023,10,25,23,-3.996409121022489,42.52221730238485,19.262904090681182,23.25931321170367,2.0,48.0
2023_10_CAR_CHI,2023,10,16,13,5.985019437078749,37.37849514217987,21.68175728962931,15.696737852550562,3.0,29.0
2023_10_CLE_BAL,2023,10,31,33,7.200028254078167,39.399331405279575,23.299679829678873,16.099651575600703,-2.0,64.0
2023_10_DEN_BUF,2023,10,22,24,12.18664052604868,46.949785025271396,29.568212775660037,17.38157224961136,-2.0,46.0
2023_10_DET_LAC,2023,10,38,41,-0.9363053390275526,47.864255085961624,23.463974873467034,24.40028021249459,-3.0,79.0
2023_10_GB_PIT,2023,10,23,19,0.9716179734897179,43.94035757857084,22.45598777603028,21.48436980254056,4.0,42.0
2023_10_HOU_CIN,2023,10,27,30,8.657652321701281,45.29539188856611,26.976522105133697,18.31886978343241,-3.0,57.0
2023_10_IND_NE,2023,10,6,10,0.10856033793515119,43.91781140387134,22.013185870903246,21.904625532968094,-4.0,16.0
2023_10_NO_MIN,2023,10,27,19,-3.5014887503984964,40.51509572965966,18.506803489630585,22.00829224002908,8.0,46.0
2023_10_NYJ_LV,2023,10,16,12,5.915505936381462,37.92743287475635,21.921469405568907,16.005963469187442,4.0,28.0
2023_10_SF_JAX,2023,10,3,34,-5.500253367154842,45.22770748615686,19.86372705950101,25.36398042665585,-31.0,37.0
2023_10_TEN_TB,2023,10,20,6,8.072327240461522,50.513459689747016,29.29289346510427,21.220566224642745,14.0,26.0
2023_10_WAS_SEA,2023,10,29,26,3.9608710015881714,41.2445653542902,22.602718177939188,18.641847176351014,3.0,55.0
2023_11_ARI_HOU,2023,11,21,16,5.6897044418092495,45.51609409344544,25.602899267627343,19.913194825818096,5.0,37.0
2023_11_CHI_DET,2023,11,31,26,9.245974084647145,47.52714157369568,28.386557829171412,19.140583744524267,5.0,57.0
2023_11_CIN_BAL,2023,11,34,20,3.791497077734109,44.839770388895936,24.31563373331502,20.524136655580914,14.0,54.0
2023_11_DAL_CAR,2023,11,10,33,-11.822853677144813,43.111069821211906,15.644108072033546,27.46696174917836,-23.0,43.0
2023_11_LAC_GB,2023,11,23,20,-0.2269057479691874,44.86874375149899,22.3209190017649,22.54782474973409,3.0,43.0
2023_11_LV_MIA,2023,11,20,13,4.384495440355936,40.04660207871151,22.21554875953372,17.831053319177787,7.0,33.0
2023_11_MIN_DEN,2023,11,21,20,-0.6407790539094489,41.695173833852394,20.527197389971473,21.16797644388092,1.0,41.0
2023_11_NYG_WAS,2023,11,19,31,4.446327607004325,39.13857982720003,21.79245371710218,17.346126110097853,-12.0,50.0
2023_11_NYJ_BUF,2023,11,32,6,13.0193951565042,36.50091974293718,24.760157449720687,11.74076229321649,26.0,38.0
2023_11_PHI_KC,2023,11,17,21,5.878578888429674,48.16774999962029,27.02316444402498,21.14458555559531,-4.0,38.0
2023_11_SEA_LA,2023,11,17,16,-2.2831485394596105,46.28682379563658,22.001837628088484,24.284986167548094,1.0,33.0
2023_11_TB_SF,2023,11,27,14,12.285937538539525,48.14378690741223,30.214862222975874,17.928924684436353,13.0,41.0
2023_11_TEN_JAX,2023,11,34,14,7.888390750834665,45.91769784472845,26.90304429778156,19.014653546946892,20.0,48.0
2023_12_BAL_LAC,2023,12,10,20,-2.104081521728413,46.387024509783544,22.141471494027567,24.245553015755977,-10.0,30.0
2023_12_BUF_PHI,2023,12,37,34,-3.7697007014167836,46.29738808297706,21.26384369078014,25.03354439219692,3.0,71.0
2023_12_CAR_TEN,2023,12,17,10,1.9938918989487893,40.43164745214815,21.21276967554847,19.21887777659968,7.0,27.0
2023_12_CHI_MIN,2023,12,10,12,4.856638219047228,42.18661330128066,23.521625760163943,18.664987541116716,-2.0,22.0
2023_12_CLE_DEN,2023,12,29,12,-2.8005942154733385,35.21574689622686,16.20757634037676,19.0081705558501,17.0,41.0
2023_12_GB_DET,2023,12,22,29,9.666331832655153,48.67750808119846,29.171919956926807,19.505588124271654,-7.0,51.0
2023_12_JAX_HOU,2023,12,21,24,-0.9566197848387419,44.535782848749776,21.789581531955516,22.74620131679426,-3.0,45.0
2023_12_KC_LV,2023,12,17,31,-4.025618316325667,41.82159641878435,18.89798905122934,22.92360736755501,-14.0,48.0
2023_12_LA_ARI,2023,12,14,37,-2.8419932327258306,41.441419357019605,19.299713062146886,22.14170629487272,-23.0,51.0
2023_12_MIA_NYJ,2023,12,13,34,-10.943808842763058,34.29057265883473,11.673381908035838,22.617190750798898,-21.0,47.0
2023_12_NE_NYG,2023,12,10,7,-1.1380137282968303,38.59779278717717,18.729889529440168,19.867903257737,3.0,17.0
2023_12_NO_ATL,2023,12,24,15,-1.661466055314976,42.759473298983835,20.54900362183443,22.210469677149405,9.0,39.0
2023_12_SF_SEA,2023,12,13,31,-9.538666578275045,45.4059576531867,17.933645537455824,27.472312115730873,-18.0,44.0
2023_12_TB_IND,2023,12,27,20,-0.23208086868701505,46.209850511126824,22.988884821219905,23.22096568990692,7.0,47.0
2023_12_WAS_DAL,2023,12,45,10,9.24958649668049,46.66127525901055,27.955430877845522,18.70584438116503,35.0,55.0
2023_13_ARI_PIT,2023,13,10,24,11.484362575224491,42.081481513681595,26.782922044453045,15.298559469228552,-14.0,34.0
2023_13_ATL_NYJ,2023,13,8,13,-9.143103944161783,30.203075412863907,10.529985734351062,19.673089678512845,-5.0,21.0
2023_13_CAR_TB,2023,13,21,18,7.363463935110208,43.61177055663407,25.48761724587214,18.12415331076193,3.0,39.0
2023_13_CLE_LA,2023,13,36,19,3.4925376473107566,42.59779184008819,23.045164743699473,19.55262709638872,17.0,55.0
2023_13_DEN_HOU,2023,13,22,17,2.3298898977107645,47.133676009760336,24.73178295373555,22.401893056024786,5.0,39.0
2023_13_DET_NO,2023,13,28,33,-1.0499119454984358,44.7800414966875,21.865064775594533,22.91497672109297,-5.0,61.0
2023_13_IND_TEN,2023,13,28,31,-1.341528527767295,43.40177750677225,21.030124489502477,22.37165301726977,-3.0,59.0
2023_13_KC_GB,2023,13,27,19,-6.982639626092904,44.48741231207563,18.75238634299136,25.735025969084266,8.0,46.0
2023_13_LAC_NE,2023,13,0,6,-1.1672688671531954,41.92846956681097,20.380600349828885,21.547869216982082,-6.0,6.0
2023_13_MIA_WAS,2023,13,15,45,-6.145882319670237,45.39769470562817,19.625906192978967,25.771788512649202,-30.0,60.0
2023_13_SEA_DAL,2023,13,41,35,9.261839350746843,46.87018973135146,28.06601454104915,18.80417519030231,6.0,76.0
2023_13_SF_PHI,2023,13,19,42,-6.0827432285990986,47.755375412436365,20.836316091918633,26.919059320517732,-23.0,61.0
2023_14_BUF_KC,2023,14,17,20,-0.7139774504800906,45.18701960528758,22.236521077403744,22.950498527883838,-3.0,37.0
2023_14_CAR_NO,2023,14,28,6,7.0648146567344146,41.489268451725614,24.277041554230014,17.2122268974956,22.0,34.0
2023_14_DET_CHI,2023,14,28,13,-4.307357568923572,44.655636548671595,20.174139489874012,24.481497058797583,15.0,41.0
2023_14_GB_NYG,2023,14,24,22,-4.027303038704345,42.85064255927356,19.411669760284607,23.438972798988953,2.0,46.0
2023_14_HOU_NYJ,2023,14,30,6,-5.164002024576897,37.6644046218137,16.250201298618403,21.4142033231953,24.0,36.0
2023_14_IND_CIN,2023,14,34,14,2.4641659184713895,48.67176552066827,25.56796571956983,23.103799801098443,20.0,48.0
2023_14_JAX_CLE,2023,14,31,27,2.8186826170371946,42.798252699897255,22.808467658467226,19.98978504143003,4.0,58.0
2023_14_LA_BAL,2023,14,37,31,5.867596058167939,43.579406075269915,24.723501066718928,18.855905008550987,6.0,68.0
2023_14_MIN_LV,2023,14,0,3,1.024290564832425,41.77846563155926,21.401378098195842,20.377087533363415,-3.0,3.0
2023_14_NE_PIT,2023,14,18,21,6.451572007657402,35.44067916256914,20.946125585113272,14.494553577455868,-3.0,39.0
2023_14_PHI_DAL,2023,14,33,13,7.357388253390731,53.01424922920734,30.185818741299034,22.828430487908303,20.0,46.0
2023_14_SEA_SF,2023,14,28,16,12.2807603930172,47.521694568351805,29.901227480684504,17.6204670876673,12.0,44.0
2023_14_TB_ATL,2023,14,25,29,3.115718965048036,43.238817347205604,23.17726815612682,20.061549191078782,-4.0,54.0
2023_14_TEN_MIA,2023,14,27,28,12.331239918390196,47.96513646861812,30.148188193504158,17.816948275113962,-1.0,55.0
2023_15_ATL_CAR,2023,15,9,7,-7.04809429825434,36.41222228541908,14.682063993582368,21.73015829183671,2.0,16.0
2023_15_BAL_JAX,2023,15,7,23,-6.759737695476596,44.83203304754724,19.036147676035323,25.79588537151192,-16.0,30.0
2023_15_CHI_CLE,2023,15,20,17,3.2538139718675794,40.95642952837666,22.10512175012212,18.85130777825454,3.0,37.0
2023_15_DAL_BUF,2023,15,31,10,-0.562077139785697,48.30570187527617,23.871812367745235,24.433889507530935,21.0,41.0
2023_15_DEN_DET,2023,15,42,17,5.2065488862258675,47.79574093282682,26.501144909526342,21.294596023300475,25.0,59.0
2023_15_HOU_TEN,2023,15,16,19,-0.09715067985273129,42.75066618192909,21.32675775103818,21.42390843089091,-3.0,35.0
2023_15_KC_NE,2023,15,17,27,-8.610243607414453,39.22458702451894,15.307171708552243,23.917415315966696,-10.0,44.0
2023_15_MIN_CIN,2023,15,27,24,-0.529666675374421,44.19305246037157,21.831692892498573,22.361359567872995,3.0,51.0
2023_15_NYG_NO,2023,15,24,6,5.393622192928825,39.58355209769993,22.488587145314376,17.094964952385553,18.0,30.0
2023_15_NYJ_MIA,2023,15,30,0,12.500222738594452,40.356553135158926,26.42838793687669,13.928165198282237,30.0,30.0
2023_15_PHI_SEA,2023,15,20,17,-2.3080589445826116,47.9298607182053,22.810900886811343,25.118959831393955,3.0,37.0
2023_15_PIT_IND,2023,15,30,13,0.9831363218237842,44.107203990481395,22.54517015615259,21.562033834328805,17.0,43.0
2023_15_SF_ARI,2023,15,29,45,-14.922651013819994,47.10859669480861,16.09297284049431,31.015623854314303,-16.0,74.0
2023_15_TB_GB,2023,15,20,34,4.233614186078343,45.25460019550486,24.7441071907916,20.510493004713258,-14.0,54.0
2023_15_WAS_LA,2023,15,28,20,6.584048659350255,46.41845280851889,26.501250733934576,19.917202074584317,8.0,48.0
2023_16_ARI_CHI,2023,16,27,16,5.995325917296919,42.69840027270769,24.346863095002302,18.351537177705385,11.0,43.0
2023_16_BAL_SF,2023,16,19,33,5.891131844610508,48.45860462689037,27.174868235750438,21.283736391139932,-14.0,52.0
2023_16_BUF_LAC,2023,16,22,24,-8.461186600006151,47.131031661493054,19.33492253074345,27.796109130749603,-2.0,46.0
2023_16_CIN_PIT,2023,16,34,11,-3.3374327719703274,42.229862911159586,19.44621506959463,22.783647841564957,23.0,45.0
2023_16_CLE_HOU,2023,16,22,36,-2.7853323717600325,37.90639558421633,17.560531606228146,20.34586397798818,-14.0,58.0
2023_16_DAL_MIA,2023,16,22,20,0.6475406896825964,48.1989677218187,24.423254205750645,23.775713516068052,2.0,42.0
2023_16_DET_MIN,2023,16,24,30,-1.0034661151963702,45.89925231219608,22.447893098499858,23.451359213696225,-6.0,54.0
2023_16_GB_CAR,2023,16,30,33,-2.0193132377802483,41.542979912200096,19.761833337209925,21.78114657499017,-3.0,63.0
2023_16_IND_ATL,2023,16,29,10,0.2141418009831184,42.79406668169052,21.504104241336822,21.2899624403537,19.0,39.0
2023_16_JAX_TB,2023,16,30,12,2.815129279175832,47.05990844659325,24.93751886288454,22.122389583708706,18.0,42.0
2023_16_LV_KC,2023,16,14,20,7.4560469423698335,36.59744157623561,22.02674425930272,14.570697316932888,-6.0,34.0
2023_16_NE_DEN,2023,16,23,26,3.8646670371776706,37.355420829878156,20.610043933527912,16.745376896350244,-3.0,49.0
2023_16_NO_LA,2023,16,30,22,-1.459319779919943,47.061979975756586,22.80133009791832,24.260649877838265,8.0,52.0
2023_16_NYG_PHI,2023,16,33,25,6.929523836377277,42.8539010358746,24.89171243612594,17.96218859974866,8.0,58.0
2023_16_SEA_TEN,2023,16,17,20,-2.552087152342569,43.38998081687867,20.41894683226805,22.97103398461062,-3.0,37.0
2023_16_WAS_NYJ,2023,16,30,28,-3.861458168885381,34.86538816789235,15.501964999503484,19.363423168388863,2.0,58.0
2023_17_ARI_PHI,2023,17,31,35,12.393892778026174,47.5196693715939,29.95678107481004,17.56288829678386,-4.0,66.0
2023_17_ATL_CHI,2023,17,37,17,-2.43979644820968,38.76546339317244,18.16283347248138,20.602629920691058,20.0,54.0
2023_17_CAR_JAX,2023,17,26,0,2.9023019125181095,43.601972738657366,23.25213732558774,20.349835413069627,26.0,26.0
2023_17_CIN_KC,2023,17,25,17,5.764573385390013,43.749685797528905,24.75712959145946,18.992556206069445,8.0,42.0
2023_17_DET_DAL,2023,17,20,19,1.8254224586835848,51.05162825267563,26.438525355679605,24.613102896996022,1.0,39.0
2023_17_GB_MIN,2023,17,10,33,1.4414095845042632,45.652681544332054,23.54704556441816,22.105635979913895,-23.0,43.0
2023_17_LAC_DEN,2023,17,16,9,0.08571657201869964,40.16684456547231,20.126280568745504,20.040563996726807,7.0,25.0
2023_17_LA_NYG,2023,17,25,26,-8.139940869077314,43.53394074055592,17.696999935739303,25.836940804816617,-1.0,51.0
2023_17_LV_IND,2023,17,23,20,1.8135318890962133,40.300960344466404,21.057246116781307,19.243714227685096,3.0,43.0
2023_17_MIA_BAL,2023,17,56,19,1.4097067796553007,47.264820780665644,24.337263780160473,22.92755700050517,37.0,75.0
2023_17_NE_BUF,2023,17,27,21,13.869868746990068,41.550824978151496,27.71034686257078,13.840478115580714,6.0,48.0
2023_17_NO_TB,2023,17,13,23,-1.4798514212903422,46.64173436679133,22.580941472750496,24.060792894040837,-10.0,36.0
2023_17_NYJ_CLE,2023,17,37,20,10.49724525090486,34.56229309750033,22.529769174202595,12.032523923297735,17.0,57.0
2023_17_PIT_SEA,2023,17,23,30,0.8225077637720224,43.73482797961371,22.278667871692868,21.456160107920844,-7.0,53.0
2023_17_SF_WAS,2023,17,10,27,-11.173495237349318,45.18358854073688,17.00504665169378,28.178541889043096,-17.0,37.0
2023_17_TEN_HOU,2023,17,26,3,0.37705266257025105,45.31081971485626,22.843936188713254,22.466883526143004,23.0,29.0
2023_18_ATL_NO,2023,18,48,17,2.948635926861197,39.56348732715506,21.25606162700813,18.30742570014693,31.0,65.0
2023_18_BUF_MIA,2023,18,14,21,-2.9720981326787,47.498385385377894,22.263143626349596,25.2352417590283,-7.0,35.0
2023_18_CHI_GB,2023,18,17,9,5.2829475849925815,45.6906507144743,25.486799149733443,20.20385156474086,8.0,26.0
2023_18_CLE_CIN,2023,18,31,14,1.0361915084795763,42.912732731399885,21.97446211993973,20.938270611460155,17.0,45.0
2023_18_DAL_WAS,2023,18,10,38,-10.96438136720479,46.281207821611176,17.65841322720319,28.622794594407985,-28.0,48.0
2023_18_DEN_LV,2023,18,27,14,3.2883852258273696,43.63608097758099,23.46223310170418,20.17384787587681,13.0,41.0
2023_18_HOU_IND,2023,18,19,23,1.7664204316166456,44.910682645641934,23.33855153862929,21.572131107012645,-4.0,42.0
2023_18_JAX_TEN,2023,18,28,20,-3.245562667575956,41.49359290046419,19.12401511644412,22.369577784020073,8.0,48.0
2023_18_KC_LAC,2023,18,12,13,-6.174856723341923,36.878117751329135,15.351630513993605,21.52648723733553,-1.0,25.0
2023_18_LA_SF,2023,18,20,21,7.758970626937493,40.97781065931716,24.368390643127324,16.609420016189834,-1.0,41.0
2023_18_MIN_DET,2023,18,30,20,8.390040391056232,47.837887867631224,28.113964129343728,19.723923738287496,10.0,50.0
2023_18_NYJ_NE,2023,18,3,17,4.237559423888291,33.96248317358175,19.100021298735022,14.86246187484673,-14.0,20.0
2023_18_PHI_NYG,2023,18,27,10,-8.943320703689587,44.585725483759916,17.821202390035165,26.76452309372475,17.0,37.0
2023_18_PIT_BAL,2023,18,10,17,4.429429494351026,43.50482252734267,23.967126010846847,19.53769651649582,-7.0,27.0
2023_18_SEA_ARI,2023,18,20,21,-3.4961093236456655,47.820301159634305,22.16209591799432,25.658205241639983,-1.0,41.0
2023_18_TB_CAR,2023,18,0,9,-2.6304740545421703,40.660130582017345,19.014828263737588,21.645302318279757,-9.0,9.0
2024_01_ARI_BUF,2024,1,34,28,11.610058863575546,47.11401159718387,29.362035230379707,17.75197636680416,6.0,62.0
2024_01_BAL_KC,2024,1,27,20,-2.5504854831447985,44.46394805526645,20.956731286060826,23.507216769205623,7.0,47.0
2024_01_CAR_NO,2024,1,47,10,10.111283095583271,40.826436681552615,25.46885988856794,15.357576792984672,37.0,57.0
2024_01_DAL_CLE,2024,1,17,33,-5.242092071387491,45.42219169081804,20.090049809715275,25.332141881102764,-16.0,50.0
2024_01_GB_PHI,2024,1,34,29,-1.5930867883472524,50.97159226927125,24.689252740462,26.28233952880925,5.0,63.0
2024_01_HOU_IND,2024,1,27,29,0.5516476451129182,46.45728532163471,23.50446648337381,22.952818838260896,-2.0,56.0
2024_01_JAX_MIA,2024,1,20,17,3.533149141288336,46.50441044461464,25.018779792951488,21.485630651663154,3.0,37.0
2024_01_LA_DET,2024,1,26,20,3.503069741431488,50.762577481685426,27.132823611558457,23.62975387012697,6.0,46.0
2024_01_LV_LAC,2024,1,22,10,-1.025550568884825,42.410793903610234,20.692621667362705,21.71817223624753,12.0,32.0
2024_01_MIN_NYG,2024,1,6,28,0.09016032110520555,40.90930718364656,20.49973375237588,20.40957343127068,-22.0,34.0
2024_01_NE_CIN,2024,1,10,16,6.424189944126756,43.90011834521405,25.162154144670403,18.737964200543644,-6.0,26.0
2024_01_NYJ_SF,2024,1,32,19,12.865830636306795,46.98743651801413,29.926633577160462,17.060802940853666,13.0,51.0
2024_01_PIT_ATL,2024,1,10,18,0.6693131917029738,42.32240304855988,21.495858120131427,20.82654492842845,-8.0,28.0
2024_02_ATL_PHI,2024,2,21,22,3.7973595429745512,48.02957884815362,25.913469195564087,22.116109652589532,-1.0,43.0
2024_02_BUF_MIA,2024,2,10,31,-2.853984713430233,47.4793854164332,22.312700351501483,25.16668506493172,-21.0,41.0
2024_02_CIN_KC,2024,2,26,25,4.4510355423919865,43.950345616834795,24.20069057961339,19.749655037221405,1.0,51.0
2024_02_CLE_JAX,2024,2,13,18,1.2710795332408948,43.15841415630414,22.214746844772517,20.943667311531623,-5.0,31.0
2024_02_IND_GB,2024,2,16,10,4.071811039333822,34.5258849604799,19.29884799990686,15.227036960573038,6.0,26.0
2024_02_LAC_CAR,2024,2,3,26,-4.003563430395852,37.616303021532474,16.806369795568312,20.809933225964162,-23.0,29.0
2024_02_LA_ARI,2024,2,41,10,-4.716548944713738,49.016744284931534,22.1500976701089,26.866646614822635,31.0,51.0
2024_02_LV_BAL,2024,2,23,26,8.920452926923383,45.233130034692024,27.076791480807703,18.15633855388432,-3.0,49.0
2024_02_NO_DAL,2024,2,19,44,4.391518983361042,49.754703807027994,27.073111395194516,22.681592411833478,-25.0,63.0
2024_02_NYJ_TEN,2024,2,17,24,0.9980754552585354,42.83863838784218,21.91835692155036,20.920281466291822,-7.0,41.0
2024_02_SEA_NE,2024,2,20,23,-0.22553401490021496,41.37990305828326,20.577184521691525,20.802718536591737,-3.0,43.0
2024_02_SF_MIN,2024,2,23,17,-6.8086160448401785,43.523456324648315,18.357420139904068,25.166036184744247,6.0,40.0
2024_02_TB_DET,2024,2,16,20,3.7469368783562915,48.5897706404534,26.168353759404848,22.421416881048554,-4.0,36.0
2024_03_BAL_DAL,2024,3,25,28,-1.108862820739604,47.35947539675976,23.12530628801008,24.234169108749683,-3.0,53.0
2024_03_CAR_LV,2024,3,22,36,6.490069805507254,42.52982678539038,24.509948295448815,18.01987848994156,-14.0,58.0
2024_03_CHI_IND,2024,3,21,16,0.7684718198658452,34.21006276457973,17.489267292222788,16.720795472356944,5.0,37.0
2024_03_DEN_TB,2024,3,7,26,9.445801754061733,41.963975389344114,25.704888571702924,16.25908681764119,-19.0,33.0
2024_03_DET_ARI,2024,3,13,20,-3.588390473176369,49.853670011449715,23.132639769136674,26.72103024231304,-7.0,33.0
2024_03_GB_TEN,2024,3,14,30,-4.358963900168998,40.61828926427332,18.129662682052164,22.48862658222116,-16.0,44.0
2024_03_HOU_MIN,2024,3,34,7,0.5137817812105108,40.716395737465355,20.615088759337933,20.101306978127422,27.0,41.0
2024_03_JAX_BUF,2024,3,47,10,9.623628801096526,45.917848965033514,27.77073888306502,18.147110081968492,37.0,57.0
2024_03_KC_ATL,2024,3,17,22,-1.4376502393315724,45.687384498860524,22.124867129764475,23.56251736909605,-5.0,39.0
2024_03_LAC_PIT,2024,3,20,10,1.5815178433973045,40.182403562156665,20.881960702776986,19.30044285937968,10.0,30.0
2024_03_MIA_SEA,2024,3,24,3,0.7945660676662513,40.329339103758215,20.561952585712234,19.76738651804598,21.0,27.0
2024_03_NE_NYJ,2024,3,24,3,0.6658298431763521,40.87250967942088,20.769169761298617,20.103339918122263,21.0,27.0
2024_03_NYG_CLE,2024,3,15,21,3.6912088940318477,41.48871578648046,22.589962340256154,18.89875344622431,-6.0,36.0
2024_03_PHI_NO,2024,3,12,15,6.6665917726167745,51.51250763712675,29.089549704871764,22.422957932254988,-3.0,27.0
2024_03_SF_LA,2024,3,27,24,-5.832439879093741,49.27154829390424,21.71955420740525,27.55199408649899,3.0,51.0
2024_03_WAS_CIN,2024,3,33,38,4.836424210454713,45.679324073050246,25.25787414175248,20.421449931297765,-5.0,71.0
2024_04_BUF_BAL,2024,4,35,10,0.5460225728689072,50.96113099677605,25.753576784822478,25.20755421195357,25.0,45.0
2024_04_CIN_CAR,2024,4,24,34,-6.006838739384648,46.07592130984709,20.03454128523122,26.04138002461587,-10.0,58.0
2024_04_CLE_LV,2024,4,20,16,0.21953587805148467,40.66559648586671,20.442566181959098,20.22303030390761,4.0,36.0
2024_04_DAL_NYG,2024,4,15,20,-3.837327857914326,45.07169011291421,20.617181127499943,24.454508985414268,-5.0,35.0
2024_04_DEN_NYJ,2024,4,9,10,7.0641905407155114,39.53530923030405,23.299749885509783,16.235559344794268,-1.0,19.0
2024_04_JAX_HOU,2024,4,24,20,3.2875434805629387,43.80191034820588,23.54472691438441,20.25718343382147,4.0,44.0
2024_04_KC_LAC,2024,4,10,17,-2.7204380626016076,44.297765612147046,20.78866377477272,23.509101837374327,-7.0,27.0
2024_04_LA_CHI,2024,4,24,18,0.08876763898835272,40.95772060446979,20.52324412172907,20.43447648274072,6.0,42.0
2024_04_MIN_GB,2024,4,29,31,3.7382954032149867,46.44264775461854,25.090471578916762,21.35217617570178,-2.0,60.0
2024_04_NE_SF,2024,4,30,13,11.416345697489362,46.494786677708525,28.955566187598944,17.53922049010958,17.0,43.0
2024_04_NO_ATL,2024,4,26,24,-2.855513617091478,45.61590117436697,21.380193778637747,24.23570739572922,2.0,50.0
2024_04_PHI_TB,2024,4,33,16,-0.009831652667981805,46.61014213664683,23.300155241989422,23.309986894657406,17.0,49.0
2024_04_PIT_IND,2024,4,27,24,-0.8055233546717186,42.166560194977436,20.680518420152858,21.486041774824578,3.0,51.0
2024_04_SEA_DET,2024,4,42,29,6.323895702668411,47.56041007737123,26.94215289001982,20.61825718735141,13.0,71.0
2024_04_TEN_MIA,2024,4,12,31,4.029511209962372,43.55673703228873,23.79312412112555,19.76361291116318,-19.0,43.0
2024_04_WAS_ARI,2024,4,14,42,0.7193110106297174,49.76010559591576,25.23970830327274,24.520397292643022,-28.0,56.0
2024_05_ARI_SF,2024,5,23,24,10.633406850381585,51.469074389158216,31.0512406197699,20.417833769388317,-1.0,47.0
2024_05_BAL_CIN,2024,5,38,41,-4.441636350733399,49.62257138479427,22.590467517030437,27.032103867763833,-3.0,79.0
2024_05_BUF_HOU,2024,5,23,20,-3.9054858862795228,48.943896114184575,22.519205113952527,26.42469100023205,3.0,43.0
2024_05_CAR_CHI,2024,5,36,10,7.326264828978442,40.56246125554055,23.944363042259496,16.61809821328105,26.0,46.0
2024_05_CLE_WAS,2024,5,34,13,3.569021748557786,47.3804020208782,25.474711884717994,21.905690136160207,21.0,47.0
2024_05_DAL_PIT,2024,5,17,20,-2.6461041824584632,43.89784633213195,20.62587107483674,23.271975257295207,-3.0,37.0
2024_05_GB_LA,2024,5,19,24,0.29581846829898994,50.048892978058596,25.172355723178793,24.876537254879803,-5.0,43.0
2024_05_IND_JAX,2024,5,37,34,0.9116033144784357,45.063211087151565,22.987407200815,22.075803886336566,3.0,71.0
2024_05_LV_DEN,2024,5,34,18,-0.2986676703236748,32.00595404929551,15.853643189485918,16.152310859809592,16.0,52.0
2024_05_MIA_NE,2024,5,10,15,-0.9733734387867687,39.089670048381215,19.058148304797225,20.03152174358399,-5.0,25.0
2024_05_NO_KC,2024,5,26,13,0.9999456825382927,44.310736366903406,22.655341024720848,21.65539534218256,13.0,39.0
2024_05_NYG_SEA,2024,5,20,29,5.496931765440658,45.04179324598805,25.269362505714355,19.7724307402737,-9.0,49.0
2024_05_NYJ_MIN,2024,5,23,17,3.2284260638940463,39.603856792848156,21.416141428371102,18.187715364477054,6.0,40.0
2024_05_TB_ATL,2024,5,36,30,-0.8093226602696069,42.19692457877318,20.693800959251785,21.503123619521393,6.0,66.0
2024_06_ARI_GB,2024,6,34,13,6.5081068465774425,50.03791629605737,28.273011571317404,21.764904724739964,21.0,47.0
2024_06_ATL_CAR,2024,6,20,38,-3.6263130168110638,45.11591328510414,20.74480013414654,24.3711131509576,-18.0,58.0
2024_06_BUF_NYJ,2024,6,20,23,-2.7413586077119256,42.62568660612928,19.942163999208677,22.6835226069206,-3.0,43.0
2024_06_CIN_NYG,2024,6,7,17,-3.4992620427884407,47.911006623095105,22.205872290153334,25.70513433294177,-10.0,24.0
2024_06_CLE_PHI,2024,6,20,16,5.688588333119176,42.57180696174003,24.130197647429604,18.441609314310426,4.0,36.0
2024_06_DET_DAL,2024,6,9,47,-1.5979639497466707,50.8768316470358,24.639433848644565,26.237397798391235,-38.0,56.0
2024_06_IND_TEN,2024,6,17,20,-0.9134479890549394,44.48304616241069,21.784799086677875,22.698247075732812,-3.0,37.0
2024_06_JAX_CHI,2024,6,35,16,5.389750101792565,43.37707664303624,24.383413372414402,18.993663270621838,19.0,51.0
2024_06_LAC_DEN,2024,6,16,23,0.5339060251659646,35.252810865895526,17.893358445530744,17.359452420364782,-7.0,39.0
2024_06_PIT_LV,2024,6,13,32,-0.6882953056400685,40.13796688985341,19.72483579210667,20.41313109774674,-19.0,45.0
2024_06_SF_SEA,2024,6,24,36,-4.437517202459327,48.89743287719956,22.22995783737012,26.667475039829444,-12.0,60.0
2024_06_WAS_BAL,2024,6,30,23,7.8988844967381855,52.85820270847549,30.378543602606836,22.479659105868652,7.0,53.0
2024_07_BAL_TB,2024,7,31,41,-4.574487502144864,49.52011010765325,22.472811302754195,27.047298804899057,-10.0,72.0
2024_07_CAR_WAS,2024,7,40,7,10.619735008997884,47.810188784812,29.214961896904942,18.595226887907057,33.0,47.0
2024_07_CIN_CLE,2024,7,14,21,-6.648322745197714,39.58339675961771,16.467537007209998,23.115859752407715,-7.0,35.0
2024_07_DET_MIN,2024,7,29,31,-6.368825964363161,46.34575432779977,19.988464181718303,26.357290146081464,-2.0,60.0
2024_07_HOU_GB,2024,7,24,22,5.561489312594528,49.68492988582999,27.62320959921226,22.061720286617728,2.0,46.0
2024_07_KC_SF,2024,7,18,28,2.994217367652589,48.11306725728705,25.55364231246982,22.55942494481723,-10.0,46.0
2024_07_LAC_ARI,2024,7,17,15,0.9074416024542381,44.96323504777494,22.93533832511459,22.027896722660348,2.0,32.0
2024_07_LV_LA,2024,7,20,15,5.430972160864908,44.65683033530806,25.043901248086485,19.612929087221573,5.0,35.0
2024_07_MIA_IND,2024,7,16,10,0.8801487509908305,41.54742071367953,21.213784732335178,20.33363598134435,6.0,26.0
2024_07_NYJ_PIT,2024,7,37,15,4.549051399433106,39.134026810519906,21.841539104976505,17.2924877055434,22.0,52.0
2024_07_PHI_NYG,2024,7,3,28,-1.8690405611081333,44.74547535961188,21.438217399251872,23.30725796036001,-25.0,31.0
2024_07_SEA_ATL,2024,7,14,34,1.5587260562865684,47.751470993434445,24.655098524860506,23.09637246857394,-20.0,48.0
2024_07_TEN_BUF,2024,7,34,10,9.733211592679266,47.02691273418247,28.380062163430868,18.6468505707516,24.0,44.0
2024_08_ARI_MIA,2024,8,27,28,0.9209833546312196,44.01702969551636,22.469006525073787,21.54802317044257,-1.0,55.0
2024_08_ATL_TB,2024,8,26,31,3.1800119013225627,49.53413398839558,26.357072944859073,23.177061043536508,-5.0,57.0
2024_08_BAL_CLE,2024,8,29,24,-9.308026469964906,47.3291703083977,19.010571919216396,28.318598389181304,5.0,53.0
2024_08_BUF_SEA,2024,8,10,31,-3.242232083057773,47.26358510798465,22.01067651246344,25.252908595521212,-21.0,41.0
2024_08_CAR_DEN,2024,8,28,14,14.430279075679882,36.387198780636396,25.40873892815814,10.978459852478256,14.0,42.0
2024_08_CHI_WAS,2024,8,18,15,2.3487168000049667,45.30942497414483,23.8290708870749,21.480354087069934,3.0,33.0
2024_08_DAL_SF,2024,8,30,24,6.4946260130456075,48.432120034534215,27.463373023789913,20.968747010744302,6.0,54.0
2024_08_GB_JAX,2024,8,27,30,-3.171467755911515,49.55708826550002,23.192810254794253,26.364278010705767,-3.0,57.0
2024_08_IND_HOU,2024,8,23,20,4.134374981304886,42.935929125503975,23.53515205340443,19.400777072099544,3.0,43.0
2024_08_KC_LV,2024,8,20,27,-5.715180428980307,41.50233681927681,17.89357819514825,23.608758624128562,-7.0,47.0
2024_08_MIN_LA,2024,8,30,20,1.5679465841978155,45.194808996155615,23.381377790176714,21.8134312059789,10.0,50.0
2024_08_NO_LAC,2024,8,26,8,1.608620717476944,36.92476523082472,19.266692974150832,17.658072256673886,18.0,34.0
2024_08_NYG_PIT,2024,8,26,18,6.105473343178716,41.325827068825326,23.71565020600202,17.610176862823305,8.0,44.0
2024_08_NYJ_NE,2024,8,25,22,-2.693163111957451,38.89529123579988,18.101064061921214,20.794227173878667,3.0,47.0
2024_08_PHI_CIN,2024,8,17,37,0.9137359310038224,48.84564916695918,24.8796925489815,23.965956617977678,-20.0,54.0
2024_08_TEN_DET,2024,8,52,14,14.062007496807155,49.83089528846836,31.94645139263776,17.884443895830604,38.0,66.0
2024_09_CHI_ARI,2024,9,29,9,-1.9282711787214373,42.04348176925898,20.057605295268772,21.98587647399021,20.0,38.0
2024_09_DAL_ATL,2024,9,27,21,3.085258889000617,49.234208681886265,26.159733785443443,23.074474896442823,6.0,48.0
2024_09_DEN_BAL,2024,9,41,10,9.449376029800563,49.15768772525476,29.30353187752766,19.8541558477271,31.0,51.0
2024_09_DET_GB,2024,9,14,24,-3.1671708955331623,52.891923496960494,24.862376300713667,28.029547196246828,-10.0,38.0
2024_09_HOU_NYJ,2024,9,21,13,-1.728486465748218,42.68614098986007,20.478827262055926,22.207313727804145,8.0,34.0
2024_09_IND_MIN,2024,9,21,13,3.8307551016789043,44.91918012116599,24.374967611422445,20.54421250974354,8.0,34.0
2024_09_JAX_PHI,2024,9,28,23,6.25949588569283,47.67832700375038,26.968911444721606,20.709415559028777,5.0,51.0
2024_09_LAC_CLE,2024,9,10,27,0.7332729662568049,41.890650211737594,21.3119615889972,20.578688622740394,-17.0,37.0
2024_09_LA_SEA,2024,9,20,26,-2.388599376792869,44.46866468968922,21.040032656448176,23.428632033241044,-6.0,46.0
2024_09_LV_CIN,2024,9,41,24,3.884429134420272,44.98895487730947,24.43669200586487,20.552262871444597,17.0,65.0
2024_09_MIA_BUF,2024,9,30,27,10.175702466317178,48.51887271751382,29.3472875919155,19.171585125598323,3.0,57.0
2024_09_NE_TEN,2024,9,20,17,2.588834130886293,39.36557814812051,20.9772061395034,18.38837200861711,3.0,37.0
2024_09_NO_CAR,2024,9,23,22,-6.304760455694051,42.864138901638974,18.27968922297246,24.584449678666513,1.0,45.0
2024_09_TB_KC,2024,9,30,24,4.3112788538536275,45.25024715777668,24.780763005815153,20.469484151961524,6.0,54.0
2024_09_WAS_NYG,2024,9,22,27,-6.229229915063444,44.31494917714387,19.042859631040216,25.272089546103658,-5.0,49.0
2024_10_ATL_NO,2024,10,20,17,-2.6283514632533524,49.06269856238223,23.21717354956444,25.84552501281779,3.0,37.0
2024_10_BUF_IND,2024,10,20,30,-6.861973670917383,45.96614102386964,19.55208367647613,26.41405734739351,-10.0,50.0
2024_10_CIN_BAL,2024,10,35,34,7.638821076903513,55.40421739517335,31.52151923603843,23.882698159134918,1.0,69.0
2024_10_DEN_KC,2024,10,16,14,9.079266076165622,41.59098695135965,25.33512651376264,16.255860437597015,2.0,30.0
2024_10_DET_HOU,2024,10,23,26,-5.982247503991081,50.624365218100785,22.32105885705485,28.303306361045934,-3.0,49.0
2024_10_MIA_LA,2024,10,15,23,3.870319741748671,47.30576298801934,25.588041364884006,21.717721623135333,-8.0,38.0
2024_10_MIN_JAX,2024,10,7,12,-3.451434849036788,43.13331421252855,19.840939681745883,23.29237453078267,-5.0,19.0
2024_10_NE_CHI,2024,10,3,19,8.80742249154027,39.749900680074404,24.27866158580734,15.471239094267066,-16.0,22.0
2024_10_NYG_CAR,2024,10,20,17,-4.488832368257498,39.14797707289462,17.32957235231856,21.81840472057606,3.0,37.0
2024_10_NYJ_ARI,2024,10,31,6,1.7504208264742287,45.119663095961,23.435041961217614,21.684621134743388,25.0,37.0
2024_10_PHI_DAL,2024,10,6,34,-4.375487579709432,49.67581942092663,22.6501659206086,27.02565350031803,-28.0,40.0
2024_10_PIT_WAS,2024,10,27,28,3.4931230332301264,48.8215193137858,26.157321173507963,22.664198140277836,-1.0,55.0
2024_10_SF_TB,2024,10,20,23,-1.6122348252353587,50.49086505529973,24.439315115032183,26.051549940267545,-3.0,43.0
2024_10_TEN_LAC,2024,10,27,17,5.653434691034926,45.043503679007074,25.348469185021,19.695034493986075,10.0,44.0
2024_11_ATL_DEN,2024,11,38,6,-1.0125553244997092,44.04056298633259,21.51400383091644,22.526559155416148,32.0,44.0
2024_11_BAL_PIT,2024,11,18,16,-6.846110334485111,51.91637074119165,22.53513020335327,29.38124053783838,2.0,34.0
2024_11_CIN_LAC,2024,11,34,27,-0.0973250517156723,48.66530884909631,24.28399189869032,24.381316950405992,7.0,61.0
2024_11_CLE_NO,2024,11,35,14,1.3378675190982041,45.4010449491355,23.369456234116853,22.03158871501865,21.0,49.0
2024_11_GB_CHI,2024,11,19,20,-0.7244897828579435,43.39960146850477,21.337555842823413,22.062045625681357,-1.0,39.0
2024_11_HOU_DAL,2024,11,10,34,-3.6944461145727714,42.72571628853017,19.5156350869787,23.21008120155147,-24.0,44.0
2024_11_IND_NYJ,2024,11,27,28,3.3640808845488297,37.96172522512865,20.66290305483874,17.298822170289913,-1.0,55.0
2024_11_JAX_DET,2024,11,52,6,11.915142688745995,46.000936393124775,28.958039540935385,17.04289685218939,46.0,58.0
2024_11_KC_BUF,2024,11,30,21,2.718918791297475,47.342580710021984,25.03074975065973,22.311830959362254,9.0,51.0
2024_11_LA_NE,2024,11,22,28,-4.9900248143846895,40.332403000873065,17.671189093244188,22.661213907628877,-6.0,50.0
2024_11_LV_MIA,2024,11,34,19,4.922673894588474,43.50563197755686,24.214152936072665,19.291479041484195,15.0,53.0
2024_11_MIN_TEN,2024,11,13,23,-5.18051158893314,43.670331386380774,19.24490989872382,24.425421487656955,-10.0,36.0
2024_11_SEA_SF,2024,11,17,20,9.885194905899471,49.26489768573546,29.575046295817465,19.689851389917997,-3.0,37.0
2024_11_WAS_PHI,2024,11,26,18,2.935209951150244,48.99474318627899,25.964976568714615,23.029766617564373,8.0,44.0
2024_12_ARI_SEA,2024,12,16,6,-3.259981038471236,45.129611696970365,20.934815329249563,24.1947963677208,10.0,22.0
2024_12_BAL_LAC,2024,12,23,30,-7.977901843952104,50.30134899680738,21.161723576427637,29.13962542037974,-7.0,53.0
2024_12_DAL_WAS,2024,12,26,34,8.58452157711494,46.04487935503417,27.314700466074555,18.730178888959614,-8.0,60.0
2024_12_DEN_LV,2024,12,19,29,-3.020585280935683,43.28663533726576,20.133025028165036,23.15361030910072,-10.0,48.0
2024_12_DET_IND,2024,12,6,24,-10.259625785302104,49.60163333919726,19.671003776947575,29.93062956224968,-18.0,30.0
2024_12_KC_CAR,2024,12,27,30,-12.287567139966376,41.63483286861583,14.673632864324727,26.961200004291104,-3.0,57.0
2024_12_MIN_CHI,2024,12,27,30,-0.47516992225488,41.419788893372015,20.47230948555857,20.947479407813447,-3.0,57.0
2024_12_NE_MIA,2024,12,34,15,6.798217136851461,44.96614374353008,25.882180440190773,19.08396330333931,19.0,49.0
2024_12_PHI_LA,2024,12,20,37,0.7788770561279192,49.273742622315154,25.026309839221536,24.24743278309362,-17.0,57.0
2024_12_PIT_CLE,2024,12,24,19,-1.8416256373059467,42.85515219177603,20.50676327723504,22.348388914540987,5.0,43.0
2024_12_SF_GB,2024,12,38,10,0.5862177041858605,44.56426888488744,22.57524329453665,21.98902559035079,28.0,48.0
2024_12_TB_NYG,2024,12,7,30,-3.776911272713012,43.129892224832695,19.67649047605984,23.453401748772855,-23.0,37.0
2024_12_TEN_HOU,2024,12,27,32,8.297974125326794,46.09526505159769,27.196619588462244,18.89864546313545,-5.0,59.0
2024_13_ARI_MIN,2024,13,23,22,1.6779565715037954,43.53950599154595,22.608731281524875,20.930774710021076,1.0,45.0
2024_13_CHI_DET,2024,13,23,20,10.089631071275715,45.03903945079643,27.56433526103607,17.47470418976036,3.0,43.0
2024_13_CLE_DEN,2024,13,41,32,5.656606961701913,42.41702202181541,24.036814491758662,18.38020753005675,9.0,73.0
2024_13_HOU_JAX,2024,13,20,23,-5.236795542671654,40.72197352856361,17.742588992945976,22.979384535617633,-3.0,43.0
2024_13_IND_NE,2024,13,24,25,2.2196562048973476,36.65951737065967,19.43958678777851,17.21993058288116,-1.0,49.0
2024_13_LAC_ATL,2024,13,13,17,2.124211527979265,45.46181108913365,23.793011308556455,21.668799780577192,-4.0,30.0
2024_13_LA_NO,2024,13,14,21,-1.0410378897245756,47.16307525712458,23.061018683700002,24.10205657342458,-7.0,35.0
2024_13_LV_KC,2024,13,19,17,11.382830999245376,42.98119587460709,27.182013436926233,15.799182437680855,2.0,36.0
2024_13_MIA_GB,2024,13,30,17,2.638939809074063,49.96141916321659,26.300179486145325,23.661239677071265,13.0,47.0
2024_13_NYG_DAL,2024,13,27,20,3.0438483255503375,43.166963678971584,23.10540600226096,20.061557676710624,7.0,47.0
2024_13_PHI_BAL,2024,13,19,24,4.247553822118444,56.0549700992073,30.151261960662872,25.90370813854443,-5.0,43.0
2024_13_PIT_CIN,2024,13,38,44,3.7749574474856757,51.04337499679049,27.409166222138083,23.634208774652407,-6.0,82.0
2024_13_SEA_NYJ,2024,13,21,26,1.4328656744418444,43.729310047766006,22.581087861103924,21.148222186662082,-5.0,47.0
2024_13_SF_BUF,2024,13,35,10,3.3323767933472106,49.871969939341646,26.602173366344427,23.26979657299722,25.0,45.0
2024_13_TB_CAR,2024,13,23,26,-9.825345382849662,45.359127986188625,17.76689130166948,27.592236684519143,-3.0,49.0
2024_13_TEN_WAS,2024,13,42,19,6.902285132463792,49.119321794347535,28.010803463405665,21.10851833094187,23.0,61.0
2024_14_ATL_MIN,2024,14,42,21,4.3931690588852215,43.975948036432236,24.184558547658728,19.791389488773508,21.0,63.0
2024_14_BUF_LA,2024,14,44,42,-3.0172854819603168,47.851738011704725,22.417226264872205,25.43451174683252,2.0,86.0
2024_14_CAR_PHI,2024,14,22,16,11.75762112885078,46.42567847098334,29.09164979991706,17.33402867106628,6.0,38.0
2024_14_CHI_SF,2024,14,38,13,2.988207753384214,42.44246310266771,22.715335428025963,19.727127674641746,25.0,51.0
2024_14_CIN_DAL,2024,14,20,27,-3.1200579503260477,49.41532885386171,23.14763545176783,26.26769340209388,-7.0,47.0
2024_14_CLE_PIT,2024,14,27,14,5.077227236289167,46.08423740121392,25.580732318751544,20.503505082462375,13.0,41.0
2024_14_GB_DET,2024,14,34,31,7.4250758141989905,52.28170170884159,29.85338876152029,22.4283129473213,3.0,65.0
2024_14_JAX_TEN,2024,14,6,10,2.1672001820576368,44.070128241184754,23.118664211621194,20.95146402956356,-4.0,16.0
2024_14_LAC_KC,2024,14,19,17,7.5094532726292496,44.03772115811284,25.773587215371045,18.264133942741793,2.0,36.0
2024_14_LV_TB,2024,14,28,13,6.478901195714128,46.04128460471672,26.260092900215426,19.781191704501296,15.0,41.0
2024_14_NO_NYG,2024,14,11,14,-2.536288802203217,45.68432312097167,21.574017159384226,24.110305961587443,-3.0,25.0
2024_14_NYJ_MIA,2024,14,32,26,6.7378946756229485,45.06643879750394,25.902166736563444,19.164272060940498,6.0,58.0
2024_14_SEA_ARI,2024,14,18,30,5.142698402627875,47.37076674775659,26.25673257519223,21.11403417256436,-12.0,48.0
2024_15_ATL_LV,2024,15,9,15,-2.4893540514014765,44.88891722541181,21.199781587005166,23.689135638406643,-6.0,24.0
2024_15_BAL_NYG,2024,15,14,35,-15.451952741016015,42.0498531719158,13.298950215449892,28.750902956465907,-21.0,49.0
2024_15_BUF_DET,2024,15,42,48,4.21961661775031,52.99781866511006,28.608717641430186,24.389101023679874,-6.0,90.0
2024_15_CHI_MIN,2024,15,30,12,6.951558147413657,42.060720022557994,24.506139084985826,17.55458093757217,18.0,42.0
2024_15_CIN_TEN,2024,15,27,37,-5.011609687956776,48.24196407647297,21.615177194258095,26.626786882214873,-10.0,64.0
2024_15_DAL_CAR,2024,15,14,30,-1.7843283784174941,41.96451340311641,20.09009251234946,21.874420890766952,-16.0,44.0
2024_15_GB_SEA,2024,15,13,30,-3.6141316475034873,47.68753191758389,22.036700135040203,25.650831782543687,-17.0,43.0
2024_15_IND_DEN,2024,15,31,13,6.64164572267908,40.590156152889584,23.615900937784332,16.974255215105252,18.0,44.0
2024_15_KC_CLE,2024,15,7,21,-6.86812345828629,42.325951506776086,17.728914024244897,24.59703748253119,-14.0,28.0
2024_15_LA_SF,2024,15,6,12,2.5027987800142433,49.37711009144312,25.939954435728684,23.437155655714438,-6.0,18.0
2024_15_MIA_HOU,2024,15,20,12,-1.3187807175649033,46.087644798320895,22.384432040377995,23.7032127579429,8.0,32.0
2024_15_NE_ARI,2024,15,30,17,4.620909343346236,44.360929347921626,24.49091934563393,19.870010002287696,13.0,47.0
2024_15_NYJ_JAX,2024,15,25,32,-0.53757317566834,40.062315287945246,19.762371056138452,20.299944231806794,-7.0,57.0
2024_15_PIT_PHI,2024,15,27,13,6.5972581976127,48.68774999784104,27.64250409772687,21.045245900114168,14.0,40.0
2024_15_TB_LAC,2024,15,17,40,-2.0091254533249896,46.1532107800609,22.072042663367956,24.081168116692947,-23.0,57.0
2024_15_WAS_NO,2024,15,19,20,-3.851622017472278,43.30323583368081,19.725806908104264,23.577428925576545,-1.0,39.0
2024_16_ARI_CAR,2024,16,36,30,-7.1332994355375,43.21915131352023,18.042925938991363,25.176225374528865,6.0,66.0
2024_16_CLE_CIN,2024,16,24,6,8.919953764044042,42.63416211329955,25.777057938671796,16.857104174627757,18.0,30.0
2024_16_DEN_LAC,2024,16,34,27,-3.123718088516345,43.89070800983064,20.383494960657146,23.507213049173494,7.0,61.0
2024_16_DET_CHI,2024,16,17,34,-8.185786390324916,48.46757890964278,20.140896259658934,28.326682649983848,-17.0,51.0
2024_16_HOU_KC,2024,16,27,19,7.3406124817076215,41.835528519599364,24.588070500653494,17.24745801894587,8.0,46.0
2024_16_JAX_LV,2024,16,19,14,1.2006734739250668,41.66664597533802,21.433659724631543,20.232986250706478,5.0,33.0
2024_16_LA_NYJ,2024,16,9,19,-3.091916036884213,47.01900170255357,21.963542832834676,25.05545886971889,-10.0,28.0
2024_16_MIN_SEA,2024,16,24,27,-6.401710049040476,45.067059743301755,19.33267484713064,25.734384896171115,-3.0,51.0
2024_16_NE_BUF,2024,16,24,21,10.668009931400077,51.86982212321695,31.268916027308514,20.600906095908435,3.0,45.0
2024_16_NO_GB,2024,16,34,0,9.08017475638228,41.39661830523576,25.23839653080902,16.158221774426742,34.0,34.0
2024_16_PHI_WAS,2024,16,36,33,0.05326413448253464,46.12693337583663,23.09009875515958,23.03683462067705,3.0,69.0
2024_16_PIT_BAL,2024,16,34,17,12.680208667360649,52.76907426134332,32.72464146435198,20.044432796991337,17.0,51.0
2024_16_SF_MIA,2024,16,29,17,1.7831254614882144,46.61261133357811,24.19786839753316,22.41474293604495,12.0,46.0
2024_16_TB_DAL,2024,16,26,24,-2.8677908592704804,48.32074174775416,22.726475444241842,25.59426630351232,2.0,50.0
2024_16_TEN_IND,2024,16,38,30,1.2321895313013311,44.31422519572797,22.77320736351465,21.54101783221332,8.0,68.0
2024_17_ARI_LA,2024,17,13,9,4.465976304249489,48.600540363975014,26.53325833411225,22.067282029862763,4.0,22.0
2024_17_BAL_HOU,2024,17,2,31,-7.116232064175097,48.42642877870348,20.655098357264194,27.771330421439288,-29.0,33.0
2024_17_CAR_TB,2024,17,48,14,12.381573615196775,47.87663896984374,30.129106292520255,17.747532677323484,34.0,62.0
2024_17_DAL_PHI,2024,17,41,7,6.759624045823683,43.831519903769724,25.295571974796704,18.53594792897302,34.0,48.0
2024_17_DEN_CIN,2024,17,30,24,3.063749122072624,48.94497410632212,26.00436161419737,22.94061249212475,6.0,54.0
2024_17_DET_SF,2024,17,34,40,-4.855546922683752,50.91823360333821,23.03134334032723,27.88689026301098,-6.0,74.0
2024_17_GB_MIN,2024,17,27,25,1.2255407585840496,48.94727382248224,25.086407290533145,23.860866531949092,2.0,52.0
2024_17_IND_NYG,2024,17,45,33,-2.8636727976519416,43.023372244902816,20.079849723625436,22.94352252127738,12.0,78.0
2024_17_KC_PIT,2024,17,10,29,-7.867971829038778,43.098016978704734,17.615022574832977,25.482994403871757,-19.0,39.0
2024_17_LAC_NE,2024,17,7,40,1.884931954142282,43.228656397164556,22.55679417565342,20.671862221511137,-33.0,47.0
2024_17_LV_NO,2024,17,10,25,-1.0129873625251493,36.478541663344096,17.732777150409472,18.745764512934624,-15.0,35.0
2024_17_MIA_CLE,2024,17,3,20,-6.386356440990477,32.84080897771593,13.227226268362728,19.613582709353203,-17.0,23.0
2024_17_NYJ_BUF,2024,17,40,14,9.410422410302424,51.498380561714924,30.454401486008674,21.04397907570625,26.0,54.0
2024_17_SEA_CHI,2024,17,3,6,0.817196272350631,46.7304654883653,23.773830880357963,22.956634608007334,-3.0,9.0
2024_17_TEN_JAX,2024,17,20,13,1.1932087641039821,43.62194813277601,22.40757844844,21.214369684336013,7.0,33.0
2024_18_CAR_ATL,2024,18,38,44,13.334124993870331,48.02046297019669,30.67729398203351,17.34316898816318,-6.0,82.0
2024_18_CHI_GB,2024,18,22,24,6.622469150862182,36.4996128885723,21.56104101971724,14.93857186885506,-2.0,46.0
2024_18_CIN_PIT,2024,18,17,19,-6.408189498072865,48.40516604137318,20.998488271650157,27.40667776972302,-2.0,36.0
2024_18_CLE_BAL,2024,18,35,10,21.089726374226704,47.454006617203234,34.27186649571497,13.182140121488265,25.0,45.0
2024_18_HOU_TEN,2024,18,14,23,-0.8836960099054165,42.20056723658735,20.658435613340966,21.54213162324638,-9.0,37.0
2024_18_JAX_IND,2024,18,26,23,0.33097739771353263,44.32252799001385,22.326752693863693,21.99577529615016,3.0,49.0
2024_18_KC_DEN,2024,18,38,0,1.5283832539122035,40.539465062081916,21.03392415799706,19.505540904084857,38.0,38.0
2024_18_LAC_LV,2024,18,20,34,0.2412488929788339,43.7413729442107,21.991310918594767,21.750062025615936,-14.0,54.0
2024_18_MIA_NYJ,2024,18,32,20,-0.3480968373620774,43.328710708035835,21.49030693533688,21.838403772698957,12.0,52.0
2024_18_MIN_DET,2024,18,31,9,4.188414061568791,54.13509268752425,29.16175337454652,24.97333931297773,22.0,40.0
2024_18_NO_TB,2024,18,27,19,12.578438923786749,40.79707137754198,26.687755150664366,14.109316226877617,8.0,46.0
2024_18_SEA_LA,2024,18,25,30,5.345887438233925,43.35009269341444,24.34799006582418,19.002102627590258,-5.0,55.0
2024_18_SF_ARI,2024,18,47,24,5.458327362799855,43.9652205493777,24.711773956088777,19.25344659328892,23.0,71.0
2024_18_WAS_DAL,2024,18,19,23,-6.713877582992035,46.27538800379793,19.780755210402948,26.49463279339498,-4.0,42.0
