event_id,commence_time,away_team,home_team,book_key,book,indiana_book_key,market,side,pick,line,odds,quote_updated_at,quote_age_minutes,quote_fresh,game_id,season,week
71123be049587b6facce3a20c53e5d09,2026-09-27T17:02:37Z,CIN,PIT,draftkings,DraftKings,draftkings,spread,away,CIN,1.5,-116,2026-09-27 17:14:42+00:00,0.6947280833333332,True,2026_03_CIN_PIT,2026,3
71123be049587b6facce3a20c53e5d09,2026-09-27T17:02:37Z,CIN,PIT,draftkings,DraftKings,draftkings,spread,home,PIT,-1.5,-113,2026-09-27 17:14:42+00:00,0.6947280833333332,True,2026_03_CIN_PIT,2026,3
71123be049587b6facce3a20c53e5d09,2026-09-27T17:02:37Z,CIN,PIT,draftkings,DraftKings,draftkings,total,over,OVER,47.5,-117,2026-09-27 17:14:42+00:00,0.6947280833333332,True,2026_03_CIN_PIT,2026,3
71123be049587b6facce3a20c53e5d09,2026-09-27T17:02:37Z,CIN,PIT,draftkings,DraftKings,draftkings,total,under,UNDER,47.5,-112,2026-09-27 17:14:42+00:00,0.6947280833333332,True,2026_03_CIN_PIT,2026,3
71123be049587b6facce3a20c53e5d09,2026-09-27T17:02:37Z,CIN,PIT,fanduel,FanDuel,fanduel,spread,away,CIN,1.5,-108,2026-09-27 17:15:14+00:00,0.16139475,True,2026_03_CIN_PIT,2026,3
71123be049587b6facce3a20c53e5d09,2026-09-27T17:02:37Z,CIN,PIT,fanduel,FanDuel,fanduel,spread,home,PIT,-1.5,-122,2026-09-27 17:15:14+00:00,0.16139475,True,2026_03_CIN_PIT,2026,3
71123be049587b6facce3a20c53e5d09,2026-09-27T17:02:37Z,CIN,PIT,fanduel,FanDuel,fanduel,total,over,OVER,47.5,-102,2026-09-27 17:15:14+00:00,0.16139475,True,2026_03_CIN_PIT,2026,3
71123be049587b6facce3a20c53e5d09,2026-09-27T17:02:37Z,CIN,PIT,fanduel,FanDuel,fanduel,total,under,UNDER,47.5,-130,2026-09-27 17:15:14+00:00,0.16139475,True,2026_03_CIN_PIT,2026,3
71123be049587b6facce3a20c53e5d09,2026-09-27T17:02:37Z,CIN,PIT,betrivers,BetRivers,betrivers,spread,away,CIN,1.5,-114,2026-09-27 17:15:14+00:00,0.16139475,True,2026_03_CIN_PIT,2026,3
71123be049587b6facce3a20c53e5d09,2026-09-27T17:02:37Z,CIN,PIT,betrivers,BetRivers,betrivers,spread,home,PIT,-1.5,-114,2026-09-27 17:15:14+00:00,0.16139475,True,2026_03_CIN_PIT,2026,3
71123be049587b6facce3a20c53e5d09,2026-09-27T17:02:37Z,CIN,PIT,betrivers,BetRivers,betrivers,total,over,OVER,47.5,-110,2026-09-27 17:15:14+00:00,0.16139475,True,2026_03_CIN_PIT,2026,3
71123be049587b6facce3a20c53e5d09,2026-09-27T17:02:37Z,CIN,PIT,betrivers,BetRivers,betrivers,total,under,UNDER,47.5,-118,2026-09-27 17:15:14+00:00,0.16139475,True,2026_03_CIN_PIT,2026,3
71123be049587b6facce3a20c53e5d09,2026-09-27T17:02:37Z,CIN,PIT,ballybet,Bally Bet,ballybet,spread,away,CIN,1.5,-117,2026-09-27 17:15:14+00:00,0.16139475,True,2026_03_CIN_PIT,2026,3
71123be049587b6facce3a20c53e5d09,2026-09-27T17:02:37Z,CIN,PIT,ballybet,Bally Bet,ballybet,spread,home,PIT,-1.5,-117,2026-09-27 17:15:14+00:00,0.16139475,True,2026_03_CIN_PIT,2026,3
71123be049587b6facce3a20c53e5d09,2026-09-27T17:02:37Z,CIN,PIT,ballybet,Bally Bet,ballybet,total,over,OVER,47.5,-112,2026-09-27 17:15:14+00:00,0.16139475,True,2026_03_CIN_PIT,2026,3
71123be049587b6facce3a20c53e5d09,2026-09-27T17:02:37Z,CIN,PIT,ballybet,Bally Bet,ballybet,total,under,UNDER,47.5,-121,2026-09-27 17:15:14+00:00,0.16139475,True,2026_03_CIN_PIT,2026,3
71123be049587b6facce3a20c53e5d09,2026-09-27T17:02:37Z,CIN,PIT,betmgm,BetMGM,betmgm,spread,away,CIN,2.5,-115,2026-09-27 17:14:59+00:00,0.41139475000000003,True,2026_03_CIN_PIT,2026,3
71123be049587b6facce3a20c53e5d09,2026-09-27T17:02:37Z,CIN,PIT,betmgm,BetMGM,betmgm,spread,home,PIT,-2.5,-115,2026-09-27 17:14:59+00:00,0.41139475000000003,True,2026_03_CIN_PIT,2026,3
71123be049587b6facce3a20c53e5d09,2026-09-27T17:02:37Z,CIN,PIT,betmgm,BetMGM,betmgm,total,over,OVER,47.5,-112,2026-09-27 17:14:59+00:00,0.41139475000000003,True,2026_03_CIN_PIT,2026,3
71123be049587b6facce3a20c53e5d09,2026-09-27T17:02:37Z,CIN,PIT,betmgm,BetMGM,betmgm,total,under,UNDER,47.5,-118,2026-09-27 17:14:59+00:00,0.41139475000000003,True,2026_03_CIN_PIT,2026,3
71123be049587b6facce3a20c53e5d09,2026-09-27T17:02:37Z,CIN,PIT,espnbet,theScore Bet,thescore,spread,away,CIN,1.5,-110,2026-09-27 17:14:43+00:00,0.6780614166666666,True,2026_03_CIN_PIT,2026,3
71123be049587b6facce3a20c53e5d09,2026-09-27T17:02:37Z,CIN,PIT,espnbet,theScore Bet,thescore,spread,home,PIT,-1.5,-120,2026-09-27 17:14:43+00:00,0.6780614166666666,True,2026_03_CIN_PIT,2026,3
71123be049587b6facce3a20c53e5d09,2026-09-27T17:02:37Z,CIN,PIT,espnbet,theScore Bet,thescore,total,over,OVER,46.5,-120,2026-09-27 17:14:43+00:00,0.6780614166666666,True,2026_03_CIN_PIT,2026,3
71123be049587b6facce3a20c53e5d09,2026-09-27T17:02:37Z,CIN,PIT,espnbet,theScore Bet,thescore,total,under,UNDER,46.5,-110,2026-09-27 17:14:43+00:00,0.6780614166666666,True,2026_03_CIN_PIT,2026,3
0339a0e41bcee12820eb3e64bb5fadb4,2026-09-27T17:02:38Z,KC,MIA,draftkings,DraftKings,draftkings,spread,away,KC,-14.5,-115,2026-09-27 17:14:42+00:00,0.6947280833333332,True,2026_03_KC_MIA,2026,3
0339a0e41bcee12820eb3e64bb5fadb4,2026-09-27T17:02:38Z,KC,MIA,draftkings,DraftKings,draftkings,spread,home,MIA,14.5,-114,2026-09-27 17:14:42+00:00,0.6947280833333332,True,2026_03_KC_MIA,2026,3
0339a0e41bcee12820eb3e64bb5fadb4,2026-09-27T17:02:38Z,KC,MIA,draftkings,DraftKings,draftkings,total,over,OVER,48.5,-110,2026-09-27 17:14:42+00:00,0.6947280833333332,True,2026_03_KC_MIA,2026,3
0339a0e41bcee12820eb3e64bb5fadb4,2026-09-27T17:02:38Z,KC,MIA,draftkings,DraftKings,draftkings,total,under,UNDER,48.5,-120,2026-09-27 17:14:42+00:00,0.6947280833333332,True,2026_03_KC_MIA,2026,3
0339a0e41bcee12820eb3e64bb5fadb4,2026-09-27T17:02:38Z,KC,MIA,fanduel,FanDuel,fanduel,spread,away,KC,-14.5,-112,2026-09-27 17:15:14+00:00,0.16139475,True,2026_03_KC_MIA,2026,3
0339a0e41bcee12820eb3e64bb5fadb4,2026-09-27T17:02:38Z,KC,MIA,fanduel,FanDuel,fanduel,spread,home,MIA,14.5,-118,2026-09-27 17:15:14+00:00,0.16139475,True,2026_03_KC_MIA,2026,3
0339a0e41bcee12820eb3e64bb5fadb4,2026-09-27T17:02:38Z,KC,MIA,fanduel,FanDuel,fanduel,total,over,OVER,48.5,102,2026-09-27 17:15:14+00:00,0.16139475,True,2026_03_KC_MIA,2026,3
0339a0e41bcee12820eb3e64bb5fadb4,2026-09-27T17:02:38Z,KC,MIA,fanduel,FanDuel,fanduel,total,under,UNDER,48.5,-136,2026-09-27 17:15:14+00:00,0.16139475,True,2026_03_KC_MIA,2026,3
0339a0e41bcee12820eb3e64bb5fadb4,2026-09-27T17:02:38Z,KC,MIA,ballybet,Bally Bet,ballybet,spread,away,KC,-14.0,-117,2026-09-27 17:15:14+00:00,0.16139475,True,2026_03_KC_MIA,2026,3
0339a0e41bcee12820eb3e64bb5fadb4,2026-09-27T17:02:38Z,KC,MIA,ballybet,Bally Bet,ballybet,spread,home,MIA,14.0,-117,2026-09-27 17:15:14+00:00,0.16139475,True,2026_03_KC_MIA,2026,3
0339a0e41bcee12820eb3e64bb5fadb4,2026-09-27T17:02:38Z,KC,MIA,ballybet,Bally Bet,ballybet,total,over,OVER,48.5,-113,2026-09-27 17:15:14+00:00,0.16139475,True,2026_03_KC_MIA,2026,3
0339a0e41bcee12820eb3e64bb5fadb4,2026-09-27T17:02:38Z,KC,MIA,ballybet,Bally Bet,ballybet,total,under,UNDER,48.5,-121,2026-09-27 17:15:14+00:00,0.16139475,True,2026_03_KC_MIA,2026,3
0339a0e41bcee12820eb3e64bb5fadb4,2026-09-27T17:02:38Z,KC,MIA,betrivers,BetRivers,betrivers,spread,away,KC,-14.0,-114,2026-09-27 17:15:14+00:00,0.16139475,True,2026_03_KC_MIA,2026,3
0339a0e41bcee12820eb3e64bb5fadb4,2026-09-27T17:02:38Z,KC,MIA,betrivers,BetRivers,betrivers,spread,home,MIA,14.0,-114,2026-09-27 17:15:14+00:00,0.16139475,True,2026_03_KC_MIA,2026,3
0339a0e41bcee12820eb3e64bb5fadb4,2026-09-27T17:02:38Z,KC,MIA,betrivers,BetRivers,betrivers,total,over,OVER,48.5,-110,2026-09-27 17:15:14+00:00,0.16139475,True,2026_03_KC_MIA,2026,3
0339a0e41bcee12820eb3e64bb5fadb4,2026-09-27T17:02:38Z,KC,MIA,betrivers,BetRivers,betrivers,total,under,UNDER,48.5,-118,2026-09-27 17:15:14+00:00,0.16139475,True,2026_03_KC_MIA,2026,3
0339a0e41bcee12820eb3e64bb5fadb4,2026-09-27T17:02:38Z,KC,MIA,betmgm,BetMGM,betmgm,spread,away,KC,-15.5,-110,2026-09-27 17:15:00+00:00,0.39472808333333337,True,2026_03_KC_MIA,2026,3
0339a0e41bcee12820eb3e64bb5fadb4,2026-09-27T17:02:38Z,KC,MIA,betmgm,BetMGM,betmgm,spread,home,MIA,15.5,-120,2026-09-27 17:15:00+00:00,0.39472808333333337,True,2026_03_KC_MIA,2026,3
0339a0e41bcee12820eb3e64bb5fadb4,2026-09-27T17:02:38Z,KC,MIA,betmgm,BetMGM,betmgm,total,over,OVER,48.5,-115,2026-09-27 17:15:00+00:00,0.39472808333333337,True,2026_03_KC_MIA,2026,3
0339a0e41bcee12820eb3e64bb5fadb4,2026-09-27T17:02:38Z,KC,MIA,betmgm,BetMGM,betmgm,total,under,UNDER,48.5,-115,2026-09-27 17:15:00+00:00,0.39472808333333337,True,2026_03_KC_MIA,2026,3
0339a0e41bcee12820eb3e64bb5fadb4,2026-09-27T17:02:38Z,KC,MIA,hardrockbet,Hard Rock Bet,hardrockbet,total,over,OVER,48.5,-120,2026-09-27 17:14:43+00:00,0.6780614166666666,True,2026_03_KC_MIA,2026,3
0339a0e41bcee12820eb3e64bb5fadb4,2026-09-27T17:02:38Z,KC,MIA,hardrockbet,Hard Rock Bet,hardrockbet,total,under,UNDER,48.5,-110,2026-09-27 17:14:43+00:00,0.6780614166666666,True,2026_03_KC_MIA,2026,3
0339a0e41bcee12820eb3e64bb5fadb4,2026-09-27T17:02:38Z,KC,MIA,espnbet,theScore Bet,thescore,spread,away,KC,-13.5,-115,2026-09-27 17:14:43+00:00,0.6780614166666666,True,2026_03_KC_MIA,2026,3
0339a0e41bcee12820eb3e64bb5fadb4,2026-09-27T17:02:38Z,KC,MIA,espnbet,theScore Bet,thescore,spread,home,MIA,13.5,-115,2026-09-27 17:14:43+00:00,0.6780614166666666,True,2026_03_KC_MIA,2026,3
0339a0e41bcee12820eb3e64bb5fadb4,2026-09-27T17:02:38Z,KC,MIA,espnbet,theScore Bet,thescore,total,over,OVER,47.5,-120,2026-09-27 17:14:43+00:00,0.6780614166666666,True,2026_03_KC_MIA,2026,3
0339a0e41bcee12820eb3e64bb5fadb4,2026-09-27T17:02:38Z,KC,MIA,espnbet,theScore Bet,thescore,total,under,UNDER,47.5,-110,2026-09-27 17:14:43+00:00,0.6780614166666666,True,2026_03_KC_MIA,2026,3
1f3cfd315a24d1a7dd5859a8e6b88e18,2026-09-27T17:02:40Z,NE,JAX,draftkings,DraftKings,draftkings,spread,home,JAX,-2.5,-112,2026-09-27 17:14:42+00:00,0.6947280833333332,True,2026_03_NE_JAX,2026,3
1f3cfd315a24d1a7dd5859a8e6b88e18,2026-09-27T17:02:40Z,NE,JAX,draftkings,DraftKings,draftkings,spread,away,NE,2.5,-117,2026-09-27 17:14:42+00:00,0.6947280833333332,True,2026_03_NE_JAX,2026,3
1f3cfd315a24d1a7dd5859a8e6b88e18,2026-09-27T17:02:40Z,NE,JAX,draftkings,DraftKings,draftkings,total,over,OVER,43.5,-109,2026-09-27 17:14:42+00:00,0.6947280833333332,True,2026_03_NE_JAX,2026,3
1f3cfd315a24d1a7dd5859a8e6b88e18,2026-09-27T17:02:40Z,NE,JAX,draftkings,DraftKings,draftkings,total,under,UNDER,43.5,-121,2026-09-27 17:14:42+00:00,0.6947280833333332,True,2026_03_NE_JAX,2026,3
1f3cfd315a24d1a7dd5859a8e6b88e18,2026-09-27T17:02:40Z,NE,JAX,fanduel,FanDuel,fanduel,spread,home,JAX,-1.5,-122,2026-09-27 17:15:14+00:00,0.16139475,True,2026_03_NE_JAX,2026,3
1f3cfd315a24d1a7dd5859a8e6b88e18,2026-09-27T17:02:40Z,NE,JAX,fanduel,FanDuel,fanduel,spread,away,NE,1.5,-108,2026-09-27 17:15:14+00:00,0.16139475,True,2026_03_NE_JAX,2026,3
1f3cfd315a24d1a7dd5859a8e6b88e18,2026-09-27T17:02:40Z,NE,JAX,fanduel,FanDuel,fanduel,total,over,OVER,42.5,-114,2026-09-27 17:15:14+00:00,0.16139475,True,2026_03_NE_JAX,2026,3
1f3cfd315a24d1a7dd5859a8e6b88e18,2026-09-27T17:02:40Z,NE,JAX,fanduel,FanDuel,fanduel,total,under,UNDER,42.5,-114,2026-09-27 17:15:14+00:00,0.16139475,True,2026_03_NE_JAX,2026,3
1f3cfd315a24d1a7dd5859a8e6b88e18,2026-09-27T17:02:40Z,NE,JAX,betrivers,BetRivers,betrivers,spread,home,JAX,-2.5,-112,2026-09-27 17:15:14+00:00,0.16139475,True,2026_03_NE_JAX,2026,3
1f3cfd315a24d1a7dd5859a8e6b88e18,2026-09-27T17:02:40Z,NE,JAX,betrivers,BetRivers,betrivers,spread,away,NE,2.5,-115,2026-09-27 17:15:14+00:00,0.16139475,True,2026_03_NE_JAX,2026,3
1f3cfd315a24d1a7dd5859a8e6b88e18,2026-09-27T17:02:40Z,NE,JAX,betrivers,BetRivers,betrivers,total,over,OVER,43.0,-117,2026-09-27 17:15:14+00:00,0.16139475,True,2026_03_NE_JAX,2026,3
1f3cfd315a24d1a7dd5859a8e6b88e18,2026-09-27T17:02:40Z,NE,JAX,betrivers,BetRivers,betrivers,total,under,UNDER,43.0,-112,2026-09-27 17:15:14+00:00,0.16139475,True,2026_03_NE_JAX,2026,3
1f3cfd315a24d1a7dd5859a8e6b88e18,2026-09-27T17:02:40Z,NE,JAX,ballybet,Bally Bet,ballybet,spread,home,JAX,-2.5,-114,2026-09-27 17:15:14+00:00,0.16139475,True,2026_03_NE_JAX,2026,3
1f3cfd315a24d1a7dd5859a8e6b88e18,2026-09-27T17:02:40Z,NE,JAX,ballybet,Bally Bet,ballybet,spread,away,NE,2.5,-118,2026-09-27 17:15:14+00:00,0.16139475,True,2026_03_NE_JAX,2026,3
1f3cfd315a24d1a7dd5859a8e6b88e18,2026-09-27T17:02:40Z,NE,JAX,ballybet,Bally Bet,ballybet,total,over,OVER,43.0,-120,2026-09-27 17:15:14+00:00,0.16139475,True,2026_03_NE_JAX,2026,3
1f3cfd315a24d1a7dd5859a8e6b88e18,2026-09-27T17:02:40Z,NE,JAX,ballybet,Bally Bet,ballybet,total,under,UNDER,43.0,-114,2026-09-27 17:15:14+00:00,0.16139475,True,2026_03_NE_JAX,2026,3
1f3cfd315a24d1a7dd5859a8e6b88e18,2026-09-27T17:02:40Z,NE,JAX,betmgm,BetMGM,betmgm,spread,home,JAX,-2.5,-115,2026-09-27 17:15:00+00:00,0.39472808333333337,True,2026_03_NE_JAX,2026,3
1f3cfd315a24d1a7dd5859a8e6b88e18,2026-09-27T17:02:40Z,NE,JAX,betmgm,BetMGM,betmgm,spread,away,NE,2.5,-112,2026-09-27 17:15:00+00:00,0.39472808333333337,True,2026_03_NE_JAX,2026,3
1f3cfd315a24d1a7dd5859a8e6b88e18,2026-09-27T17:02:40Z,NE,JAX,betmgm,BetMGM,betmgm,total,over,OVER,43.5,-108,2026-09-27 17:15:00+00:00,0.39472808333333337,True,2026_03_NE_JAX,2026,3
1f3cfd315a24d1a7dd5859a8e6b88e18,2026-09-27T17:02:40Z,NE,JAX,betmgm,BetMGM,betmgm,total,under,UNDER,43.5,-125,2026-09-27 17:15:00+00:00,0.39472808333333337,True,2026_03_NE_JAX,2026,3
1f3cfd315a24d1a7dd5859a8e6b88e18,2026-09-27T17:02:40Z,NE,JAX,hardrockbet,Hard Rock Bet,hardrockbet,spread,home,JAX,-2.5,-115,2026-09-27 17:14:43+00:00,0.6780614166666666,True,2026_03_NE_JAX,2026,3
1f3cfd315a24d1a7dd5859a8e6b88e18,2026-09-27T17:02:40Z,NE,JAX,hardrockbet,Hard Rock Bet,hardrockbet,spread,away,NE,2.5,-115,2026-09-27 17:14:43+00:00,0.6780614166666666,True,2026_03_NE_JAX,2026,3
1f3cfd315a24d1a7dd5859a8e6b88e18,2026-09-27T17:02:40Z,NE,JAX,hardrockbet,Hard Rock Bet,hardrockbet,total,over,OVER,43.5,-115,2026-09-27 17:14:43+00:00,0.6780614166666666,True,2026_03_NE_JAX,2026,3
1f3cfd315a24d1a7dd5859a8e6b88e18,2026-09-27T17:02:40Z,NE,JAX,hardrockbet,Hard Rock Bet,hardrockbet,total,under,UNDER,43.5,-115,2026-09-27 17:14:43+00:00,0.6780614166666666,True,2026_03_NE_JAX,2026,3
1f3cfd315a24d1a7dd5859a8e6b88e18,2026-09-27T17:02:40Z,NE,JAX,espnbet,theScore Bet,thescore,spread,home,JAX,-2.5,-110,2026-09-27 17:14:43+00:00,0.6780614166666666,True,2026_03_NE_JAX,2026,3
1f3cfd315a24d1a7dd5859a8e6b88e18,2026-09-27T17:02:40Z,NE,JAX,espnbet,theScore Bet,thescore,spread,away,NE,2.5,-120,2026-09-27 17:14:43+00:00,0.6780614166666666,True,2026_03_NE_JAX,2026,3
1f3cfd315a24d1a7dd5859a8e6b88e18,2026-09-27T17:02:40Z,NE,JAX,espnbet,theScore Bet,thescore,total,over,OVER,42.5,-120,2026-09-27 17:14:43+00:00,0.6780614166666666,True,2026_03_NE_JAX,2026,3
1f3cfd315a24d1a7dd5859a8e6b88e18,2026-09-27T17:02:40Z,NE,JAX,espnbet,theScore Bet,thescore,total,under,UNDER,42.5,-110,2026-09-27 17:14:43+00:00,0.6780614166666666,True,2026_03_NE_JAX,2026,3
07f552badfa8a565d1be22123713e4da,2026-09-27T17:02:48Z,NYJ,DET,draftkings,DraftKings,draftkings,spread,home,DET,-7.5,-102,2026-09-27 17:14:42+00:00,0.6947280833333332,True,2026_03_NYJ_DET,2026,3
07f552badfa8a565d1be22123713e4da,2026-09-27T17:02:48Z,NYJ,DET,draftkings,DraftKings,draftkings,spread,away,NYJ,7.5,-129,2026-09-27 17:14:42+00:00,0.6947280833333332,True,2026_03_NYJ_DET,2026,3
07f552badfa8a565d1be22123713e4da,2026-09-27T17:02:48Z,NYJ,DET,draftkings,DraftKings,draftkings,total,over,OVER,44.5,-107,2026-09-27 17:14:42+00:00,0.6947280833333332,True,2026_03_NYJ_DET,2026,3
07f552badfa8a565d1be22123713e4da,2026-09-27T17:02:48Z,NYJ,DET,draftkings,DraftKings,draftkings,total,under,UNDER,44.5,-123,2026-09-27 17:14:42+00:00,0.6947280833333332,True,2026_03_NYJ_DET,2026,3
07f552badfa8a565d1be22123713e4da,2026-09-27T17:02:48Z,NYJ,DET,fanduel,FanDuel,fanduel,spread,home,DET,-6.5,-136,2026-09-27 17:15:14+00:00,0.16139475,True,2026_03_NYJ_DET,2026,3
07f552badfa8a565d1be22123713e4da,2026-09-27T17:02:48Z,NYJ,DET,fanduel,FanDuel,fanduel,spread,away,NYJ,6.5,102,2026-09-27 17:15:14+00:00,0.16139475,True,2026_03_NYJ_DET,2026,3
07f552badfa8a565d1be22123713e4da,2026-09-27T17:02:48Z,NYJ,DET,fanduel,FanDuel,fanduel,total,over,OVER,44.5,100,2026-09-27 17:15:14+00:00,0.16139475,True,2026_03_NYJ_DET,2026,3
07f552badfa8a565d1be22123713e4da,2026-09-27T17:02:48Z,NYJ,DET,fanduel,FanDuel,fanduel,total,under,UNDER,44.5,-132,2026-09-27 17:15:14+00:00,0.16139475,True,2026_03_NYJ_DET,2026,3
07f552badfa8a565d1be22123713e4da,2026-09-27T17:02:48Z,NYJ,DET,betrivers,BetRivers,betrivers,spread,home,DET,-7.0,-114,2026-09-27 17:15:14+00:00,0.16139475,True,2026_03_NYJ_DET,2026,3
07f552badfa8a565d1be22123713e4da,2026-09-27T17:02:48Z,NYJ,DET,betrivers,BetRivers,betrivers,spread,away,NYJ,7.0,-117,2026-09-27 17:15:14+00:00,0.16139475,True,2026_03_NYJ_DET,2026,3
07f552badfa8a565d1be22123713e4da,2026-09-27T17:02:48Z,NYJ,DET,betrivers,BetRivers,betrivers,total,over,OVER,44.0,-115,2026-09-27 17:15:14+00:00,0.16139475,True,2026_03_NYJ_DET,2026,3
07f552badfa8a565d1be22123713e4da,2026-09-27T17:02:48Z,NYJ,DET,betrivers,BetRivers,betrivers,total,under,UNDER,44.0,-113,2026-09-27 17:15:14+00:00,0.16139475,True,2026_03_NYJ_DET,2026,3
07f552badfa8a565d1be22123713e4da,2026-09-27T17:02:48Z,NYJ,DET,ballybet,Bally Bet,ballybet,spread,home,DET,-7.0,-117,2026-09-27 17:15:14+00:00,0.16139475,True,2026_03_NYJ_DET,2026,3
07f552badfa8a565d1be22123713e4da,2026-09-27T17:02:48Z,NYJ,DET,ballybet,Bally Bet,ballybet,spread,away,NYJ,7.0,-117,2026-09-27 17:15:14+00:00,0.16139475,True,2026_03_NYJ_DET,2026,3
07f552badfa8a565d1be22123713e4da,2026-09-27T17:02:48Z,NYJ,DET,ballybet,Bally Bet,ballybet,total,over,OVER,44.0,-118,2026-09-27 17:15:14+00:00,0.16139475,True,2026_03_NYJ_DET,2026,3
07f552badfa8a565d1be22123713e4da,2026-09-27T17:02:48Z,NYJ,DET,ballybet,Bally Bet,ballybet,total,under,UNDER,44.0,-115,2026-09-27 17:15:14+00:00,0.16139475,True,2026_03_NYJ_DET,2026,3
07f552badfa8a565d1be22123713e4da,2026-09-27T17:02:48Z,NYJ,DET,betmgm,BetMGM,betmgm,spread,home,DET,-7.5,-105,2026-09-27 17:14:59+00:00,0.41139475000000003,True,2026_03_NYJ_DET,2026,3
07f552badfa8a565d1be22123713e4da,2026-09-27T17:02:48Z,NYJ,DET,betmgm,BetMGM,betmgm,spread,away,NYJ,7.5,-130,2026-09-27 17:14:59+00:00,0.41139475000000003,True,2026_03_NYJ_DET,2026,3
07f552badfa8a565d1be22123713e4da,2026-09-27T17:02:48Z,NYJ,DET,betmgm,BetMGM,betmgm,total,over,OVER,43.5,-115,2026-09-27 17:14:59+00:00,0.41139475000000003,True,2026_03_NYJ_DET,2026,3
07f552badfa8a565d1be22123713e4da,2026-09-27T17:02:48Z,NYJ,DET,betmgm,BetMGM,betmgm,total,under,UNDER,43.5,-105,2026-09-27 17:14:59+00:00,0.41139475000000003,True,2026_03_NYJ_DET,2026,3
07f552badfa8a565d1be22123713e4da,2026-09-27T17:02:48Z,NYJ,DET,hardrockbet,Hard Rock Bet,hardrockbet,total,over,OVER,44.5,-115,2026-09-27 17:14:43+00:00,0.6780614166666666,True,2026_03_NYJ_DET,2026,3
07f552badfa8a565d1be22123713e4da,2026-09-27T17:02:48Z,NYJ,DET,hardrockbet,Hard Rock Bet,hardrockbet,total,under,UNDER,44.5,-115,2026-09-27 17:14:43+00:00,0.6780614166666666,True,2026_03_NYJ_DET,2026,3
07f552badfa8a565d1be22123713e4da,2026-09-27T17:02:48Z,NYJ,DET,espnbet,theScore Bet,thescore,spread,home,DET,-7.0,-120,2026-09-27 17:14:43+00:00,0.6780614166666666,True,2026_03_NYJ_DET,2026,3
07f552badfa8a565d1be22123713e4da,2026-09-27T17:02:48Z,NYJ,DET,espnbet,theScore Bet,thescore,spread,away,NYJ,7.0,-110,2026-09-27 17:14:43+00:00,0.6780614166666666,True,2026_03_NYJ_DET,2026,3
07f552badfa8a565d1be22123713e4da,2026-09-27T17:02:48Z,NYJ,DET,espnbet,theScore Bet,thescore,total,over,OVER,43.5,-115,2026-09-27 17:14:43+00:00,0.6780614166666666,True,2026_03_NYJ_DET,2026,3
07f552badfa8a565d1be22123713e4da,2026-09-27T17:02:48Z,NYJ,DET,espnbet,theScore Bet,thescore,total,under,UNDER,43.5,-115,2026-09-27 17:14:43+00:00,0.6780614166666666,True,2026_03_NYJ_DET,2026,3
b225458a282e140c44c45651255f2f6c,2026-09-27T17:02:53Z,LAC,BUF,draftkings,DraftKings,draftkings,spread,home,BUF,-2.5,-131,2026-09-27 17:14:42+00:00,0.6947280833333332,True,2026_03_LAC_BUF,2026,3
b225458a282e140c44c45651255f2f6c,2026-09-27T17:02:53Z,LAC,BUF,draftkings,DraftKings,draftkings,spread,away,LAC,2.5,100,2026-09-27 17:14:42+00:00,0.6947280833333332,True,2026_03_LAC_BUF,2026,3
b225458a282e140c44c45651255f2f6c,2026-09-27T17:02:53Z,LAC,BUF,draftkings,DraftKings,draftkings,total,over,OVER,55.5,-114,2026-09-27 17:14:42+00:00,0.6947280833333332,True,2026_03_LAC_BUF,2026,3
b225458a282e140c44c45651255f2f6c,2026-09-27T17:02:53Z,LAC,BUF,draftkings,DraftKings,draftkings,total,under,UNDER,55.5,-116,2026-09-27 17:14:42+00:00,0.6947280833333332,True,2026_03_LAC_BUF,2026,3
b225458a282e140c44c45651255f2f6c,2026-09-27T17:02:53Z,LAC,BUF,fanduel,FanDuel,fanduel,spread,home,BUF,-2.5,-122,2026-09-27 17:15:14+00:00,0.16139475,True,2026_03_LAC_BUF,2026,3
b225458a282e140c44c45651255f2f6c,2026-09-27T17:02:53Z,LAC,BUF,fanduel,FanDuel,fanduel,spread,away,LAC,2.5,-108,2026-09-27 17:15:14+00:00,0.16139475,True,2026_03_LAC_BUF,2026,3
b225458a282e140c44c45651255f2f6c,2026-09-27T17:02:53Z,LAC,BUF,fanduel,FanDuel,fanduel,total,over,OVER,54.5,-106,2026-09-27 17:15:14+00:00,0.16139475,True,2026_03_LAC_BUF,2026,3
b225458a282e140c44c45651255f2f6c,2026-09-27T17:02:53Z,LAC,BUF,fanduel,FanDuel,fanduel,total,under,UNDER,54.5,-125,2026-09-27 17:15:14+00:00,0.16139475,True,2026_03_LAC_BUF,2026,3
b225458a282e140c44c45651255f2f6c,2026-09-27T17:02:53Z,LAC,BUF,ballybet,Bally Bet,ballybet,spread,home,BUF,-3.0,-112,2026-09-27 17:15:14+00:00,0.16139475,True,2026_03_LAC_BUF,2026,3
b225458a282e140c44c45651255f2f6c,2026-09-27T17:02:53Z,LAC,BUF,ballybet,Bally Bet,ballybet,spread,away,LAC,3.0,-124,2026-09-27 17:15:14+00:00,0.16139475,True,2026_03_LAC_BUF,2026,3
b225458a282e140c44c45651255f2f6c,2026-09-27T17:02:53Z,LAC,BUF,ballybet,Bally Bet,ballybet,total,over,OVER,55.0,-114,2026-09-27 17:15:14+00:00,0.16139475,True,2026_03_LAC_BUF,2026,3
b225458a282e140c44c45651255f2f6c,2026-09-27T17:02:53Z,LAC,BUF,ballybet,Bally Bet,ballybet,total,under,UNDER,55.0,-120,2026-09-27 17:15:14+00:00,0.16139475,True,2026_03_LAC_BUF,2026,3
b225458a282e140c44c45651255f2f6c,2026-09-27T17:02:53Z,LAC,BUF,betrivers,BetRivers,betrivers,spread,home,BUF,-3.0,-112,2026-09-27 17:15:14+00:00,0.16139475,True,2026_03_LAC_BUF,2026,3
b225458a282e140c44c45651255f2f6c,2026-09-27T17:02:53Z,LAC,BUF,betrivers,BetRivers,betrivers,spread,away,LAC,3.0,-121,2026-09-27 17:15:14+00:00,0.16139475,True,2026_03_LAC_BUF,2026,3
b225458a282e140c44c45651255f2f6c,2026-09-27T17:02:53Z,LAC,BUF,betrivers,BetRivers,betrivers,total,over,OVER,55.0,-112,2026-09-27 17:15:14+00:00,0.16139475,True,2026_03_LAC_BUF,2026,3
b225458a282e140c44c45651255f2f6c,2026-09-27T17:02:53Z,LAC,BUF,betrivers,BetRivers,betrivers,total,under,UNDER,55.0,-117,2026-09-27 17:15:14+00:00,0.16139475,True,2026_03_LAC_BUF,2026,3
b225458a282e140c44c45651255f2f6c,2026-09-27T17:02:53Z,LAC,BUF,betmgm,BetMGM,betmgm,spread,home,BUF,-2.5,-112,2026-09-27 17:15:00+00:00,0.39472808333333337,True,2026_03_LAC_BUF,2026,3
b225458a282e140c44c45651255f2f6c,2026-09-27T17:02:53Z,LAC,BUF,betmgm,BetMGM,betmgm,spread,away,LAC,2.5,-118,2026-09-27 17:15:00+00:00,0.39472808333333337,True,2026_03_LAC_BUF,2026,3
b225458a282e140c44c45651255f2f6c,2026-09-27T17:02:53Z,LAC,BUF,betmgm,BetMGM,betmgm,total,over,OVER,54.5,-120,2026-09-27 17:15:00+00:00,0.39472808333333337,True,2026_03_LAC_BUF,2026,3
b225458a282e140c44c45651255f2f6c,2026-09-27T17:02:53Z,LAC,BUF,betmgm,BetMGM,betmgm,total,under,UNDER,54.5,-108,2026-09-27 17:15:00+00:00,0.39472808333333337,True,2026_03_LAC_BUF,2026,3
b225458a282e140c44c45651255f2f6c,2026-09-27T17:02:53Z,LAC,BUF,espnbet,theScore Bet,thescore,spread,home,BUF,-3.0,-110,2026-09-27 17:14:43+00:00,0.6780614166666666,True,2026_03_LAC_BUF,2026,3
b225458a282e140c44c45651255f2f6c,2026-09-27T17:02:53Z,LAC,BUF,espnbet,theScore Bet,thescore,spread,away,LAC,3.0,-120,2026-09-27 17:14:43+00:00,0.6780614166666666,True,2026_03_LAC_BUF,2026,3
b225458a282e140c44c45651255f2f6c,2026-09-27T17:02:53Z,LAC,BUF,espnbet,theScore Bet,thescore,total,over,OVER,54.5,-110,2026-09-27 17:14:43+00:00,0.6780614166666666,True,2026_03_LAC_BUF,2026,3
b225458a282e140c44c45651255f2f6c,2026-09-27T17:02:53Z,LAC,BUF,espnbet,theScore Bet,thescore,total,under,UNDER,54.5,-120,2026-09-27 17:14:43+00:00,0.6780614166666666,True,2026_03_LAC_BUF,2026,3
555afd4a27aaa392662881cffa8f2eef,2026-09-27T17:02:56Z,TEN,NYG,draftkings,DraftKings,draftkings,spread,home,NYG,-2.5,-123,2026-09-27 17:14:42+00:00,0.6947280833333332,True,2026_03_TEN_NYG,2026,3
555afd4a27aaa392662881cffa8f2eef,2026-09-27T17:02:56Z,TEN,NYG,draftkings,DraftKings,draftkings,spread,away,TEN,2.5,-107,2026-09-27 17:14:42+00:00,0.6947280833333332,True,2026_03_TEN_NYG,2026,3
555afd4a27aaa392662881cffa8f2eef,2026-09-27T17:02:56Z,TEN,NYG,draftkings,DraftKings,draftkings,total,over,OVER,36.5,-114,2026-09-27 17:14:42+00:00,0.6947280833333332,True,2026_03_TEN_NYG,2026,3
555afd4a27aaa392662881cffa8f2eef,2026-09-27T17:02:56Z,TEN,NYG,draftkings,DraftKings,draftkings,total,under,UNDER,36.5,-116,2026-09-27 17:14:42+00:00,0.6947280833333332,True,2026_03_TEN_NYG,2026,3
555afd4a27aaa392662881cffa8f2eef,2026-09-27T17:02:56Z,TEN,NYG,fanduel,FanDuel,fanduel,spread,home,NYG,-3.5,102,2026-09-27 17:15:14+00:00,0.16139475,True,2026_03_TEN_NYG,2026,3
555afd4a27aaa392662881cffa8f2eef,2026-09-27T17:02:56Z,TEN,NYG,fanduel,FanDuel,fanduel,spread,away,TEN,3.5,-136,2026-09-27 17:15:14+00:00,0.16139475,True,2026_03_TEN_NYG,2026,3
555afd4a27aaa392662881cffa8f2eef,2026-09-27T17:02:56Z,TEN,NYG,fanduel,FanDuel,fanduel,total,over,OVER,36.5,-106,2026-09-27 17:15:14+00:00,0.16139475,True,2026_03_TEN_NYG,2026,3
555afd4a27aaa392662881cffa8f2eef,2026-09-27T17:02:56Z,TEN,NYG,fanduel,FanDuel,fanduel,total,under,UNDER,36.5,-125,2026-09-27 17:15:14+00:00,0.16139475,True,2026_03_TEN_NYG,2026,3
555afd4a27aaa392662881cffa8f2eef,2026-09-27T17:02:56Z,TEN,NYG,betrivers,BetRivers,betrivers,spread,home,NYG,-3.0,-112,2026-09-27 17:15:14+00:00,0.16139475,True,2026_03_TEN_NYG,2026,3
555afd4a27aaa392662881cffa8f2eef,2026-09-27T17:02:56Z,TEN,NYG,betrivers,BetRivers,betrivers,spread,away,TEN,3.0,-117,2026-09-27 17:15:14+00:00,0.16139475,True,2026_03_TEN_NYG,2026,3
555afd4a27aaa392662881cffa8f2eef,2026-09-27T17:02:56Z,TEN,NYG,betrivers,BetRivers,betrivers,total,over,OVER,36.0,-113,2026-09-27 17:15:14+00:00,0.16139475,True,2026_03_TEN_NYG,2026,3
555afd4a27aaa392662881cffa8f2eef,2026-09-27T17:02:56Z,TEN,NYG,betrivers,BetRivers,betrivers,total,under,UNDER,36.0,-114,2026-09-27 17:15:14+00:00,0.16139475,True,2026_03_TEN_NYG,2026,3
555afd4a27aaa392662881cffa8f2eef,2026-09-27T17:02:56Z,TEN,NYG,ballybet,Bally Bet,ballybet,spread,home,NYG,-3.0,-113,2026-09-27 17:15:14+00:00,0.16139475,True,2026_03_TEN_NYG,2026,3
555afd4a27aaa392662881cffa8f2eef,2026-09-27T17:02:56Z,TEN,NYG,ballybet,Bally Bet,ballybet,spread,away,TEN,3.0,-120,2026-09-27 17:15:14+00:00,0.16139475,True,2026_03_TEN_NYG,2026,3
555afd4a27aaa392662881cffa8f2eef,2026-09-27T17:02:56Z,TEN,NYG,ballybet,Bally Bet,ballybet,total,over,OVER,36.0,-115,2026-09-27 17:15:14+00:00,0.16139475,True,2026_03_TEN_NYG,2026,3
555afd4a27aaa392662881cffa8f2eef,2026-09-27T17:02:56Z,TEN,NYG,ballybet,Bally Bet,ballybet,total,under,UNDER,36.0,-117,2026-09-27 17:15:14+00:00,0.16139475,True,2026_03_TEN_NYG,2026,3
555afd4a27aaa392662881cffa8f2eef,2026-09-27T17:02:56Z,TEN,NYG,betmgm,BetMGM,betmgm,spread,home,NYG,-2.5,-120,2026-09-27 17:15:00+00:00,0.39472808333333337,True,2026_03_TEN_NYG,2026,3
555afd4a27aaa392662881cffa8f2eef,2026-09-27T17:02:56Z,TEN,NYG,betmgm,BetMGM,betmgm,spread,away,TEN,2.5,100,2026-09-27 17:15:00+00:00,0.39472808333333337,True,2026_03_TEN_NYG,2026,3
555afd4a27aaa392662881cffa8f2eef,2026-09-27T17:02:56Z,TEN,NYG,betmgm,BetMGM,betmgm,total,over,OVER,36.5,-108,2026-09-27 17:15:00+00:00,0.39472808333333337,True,2026_03_TEN_NYG,2026,3
555afd4a27aaa392662881cffa8f2eef,2026-09-27T17:02:56Z,TEN,NYG,betmgm,BetMGM,betmgm,total,under,UNDER,36.5,-125,2026-09-27 17:15:00+00:00,0.39472808333333337,True,2026_03_TEN_NYG,2026,3
555afd4a27aaa392662881cffa8f2eef,2026-09-27T17:02:56Z,TEN,NYG,hardrockbet,Hard Rock Bet,hardrockbet,spread,home,NYG,-2.5,-125,2026-09-27 17:14:43+00:00,0.6780614166666666,True,2026_03_TEN_NYG,2026,3
555afd4a27aaa392662881cffa8f2eef,2026-09-27T17:02:56Z,TEN,NYG,hardrockbet,Hard Rock Bet,hardrockbet,spread,away,TEN,2.5,-105,2026-09-27 17:14:43+00:00,0.6780614166666666,True,2026_03_TEN_NYG,2026,3
555afd4a27aaa392662881cffa8f2eef,2026-09-27T17:02:56Z,TEN,NYG,hardrockbet,Hard Rock Bet,hardrockbet,total,over,OVER,36.5,-110,2026-09-27 17:14:43+00:00,0.6780614166666666,True,2026_03_TEN_NYG,2026,3
555afd4a27aaa392662881cffa8f2eef,2026-09-27T17:02:56Z,TEN,NYG,hardrockbet,Hard Rock Bet,hardrockbet,total,under,UNDER,36.5,-120,2026-09-27 17:14:43+00:00,0.6780614166666666,True,2026_03_TEN_NYG,2026,3
555afd4a27aaa392662881cffa8f2eef,2026-09-27T17:02:56Z,TEN,NYG,espnbet,theScore Bet,thescore,spread,home,NYG,-2.5,-130,2026-09-27 17:14:43+00:00,0.6780614166666666,True,2026_03_TEN_NYG,2026,3
555afd4a27aaa392662881cffa8f2eef,2026-09-27T17:02:56Z,TEN,NYG,espnbet,theScore Bet,thescore,spread,away,TEN,2.5,100,2026-09-27 17:14:43+00:00,0.6780614166666666,True,2026_03_TEN_NYG,2026,3
555afd4a27aaa392662881cffa8f2eef,2026-09-27T17:02:56Z,TEN,NYG,espnbet,theScore Bet,thescore,total,over,OVER,36.5,-110,2026-09-27 17:14:43+00:00,0.6780614166666666,True,2026_03_TEN_NYG,2026,3
555afd4a27aaa392662881cffa8f2eef,2026-09-27T17:02:56Z,TEN,NYG,espnbet,theScore Bet,thescore,total,under,UNDER,36.5,-120,2026-09-27 17:14:43+00:00,0.6780614166666666,True,2026_03_TEN_NYG,2026,3
613b8cd3a5fab58f7be4e3fd6f76223e,2026-09-27T17:02:57Z,CAR,CLE,draftkings,DraftKings,draftkings,spread,away,CAR,-1.5,-110,2026-09-27 17:14:42+00:00,0.6947280833333332,True,2026_03_CAR_CLE,2026,3
613b8cd3a5fab58f7be4e3fd6f76223e,2026-09-27T17:02:57Z,CAR,CLE,draftkings,DraftKings,draftkings,spread,home,CLE,1.5,-119,2026-09-27 17:14:42+00:00,0.6947280833333332,True,2026_03_CAR_CLE,2026,3
613b8cd3a5fab58f7be4e3fd6f76223e,2026-09-27T17:02:57Z,CAR,CLE,draftkings,DraftKings,draftkings,total,over,OVER,36.5,-125,2026-09-27 17:14:42+00:00,0.6947280833333332,True,2026_03_CAR_CLE,2026,3
613b8cd3a5fab58f7be4e3fd6f76223e,2026-09-27T17:02:57Z,CAR,CLE,draftkings,DraftKings,draftkings,total,under,UNDER,36.5,-105,2026-09-27 17:14:42+00:00,0.6947280833333332,True,2026_03_CAR_CLE,2026,3
613b8cd3a5fab58f7be4e3fd6f76223e,2026-09-27T17:02:57Z,CAR,CLE,fanduel,FanDuel,fanduel,spread,away,CAR,-1.5,-108,2026-09-27 17:15:14+00:00,0.16139475,True,2026_03_CAR_CLE,2026,3
613b8cd3a5fab58f7be4e3fd6f76223e,2026-09-27T17:02:57Z,CAR,CLE,fanduel,FanDuel,fanduel,spread,home,CLE,1.5,-122,2026-09-27 17:15:14+00:00,0.16139475,True,2026_03_CAR_CLE,2026,3
613b8cd3a5fab58f7be4e3fd6f76223e,2026-09-27T17:02:57Z,CAR,CLE,fanduel,FanDuel,fanduel,total,over,OVER,37.5,102,2026-09-27 17:15:14+00:00,0.16139475,True,2026_03_CAR_CLE,2026,3
613b8cd3a5fab58f7be4e3fd6f76223e,2026-09-27T17:02:57Z,CAR,CLE,fanduel,FanDuel,fanduel,total,under,UNDER,37.5,-136,2026-09-27 17:15:14+00:00,0.16139475,True,2026_03_CAR_CLE,2026,3
613b8cd3a5fab58f7be4e3fd6f76223e,2026-09-27T17:02:57Z,CAR,CLE,ballybet,Bally Bet,ballybet,spread,away,CAR,-1.5,-118,2026-09-27 17:15:14+00:00,0.16139475,True,2026_03_CAR_CLE,2026,3
613b8cd3a5fab58f7be4e3fd6f76223e,2026-09-27T17:02:57Z,CAR,CLE,ballybet,Bally Bet,ballybet,spread,home,CLE,1.5,-114,2026-09-27 17:15:14+00:00,0.16139475,True,2026_03_CAR_CLE,2026,3
613b8cd3a5fab58f7be4e3fd6f76223e,2026-09-27T17:02:57Z,CAR,CLE,ballybet,Bally Bet,ballybet,total,over,OVER,36.0,-118,2026-09-27 17:15:14+00:00,0.16139475,True,2026_03_CAR_CLE,2026,3
613b8cd3a5fab58f7be4e3fd6f76223e,2026-09-27T17:02:57Z,CAR,CLE,ballybet,Bally Bet,ballybet,total,under,UNDER,36.0,-115,2026-09-27 17:15:14+00:00,0.16139475,True,2026_03_CAR_CLE,2026,3
613b8cd3a5fab58f7be4e3fd6f76223e,2026-09-27T17:02:57Z,CAR,CLE,betrivers,BetRivers,betrivers,spread,away,CAR,-1.5,-115,2026-09-27 17:15:14+00:00,0.16139475,True,2026_03_CAR_CLE,2026,3
613b8cd3a5fab58f7be4e3fd6f76223e,2026-09-27T17:02:57Z,CAR,CLE,betrivers,BetRivers,betrivers,spread,home,CLE,1.5,-113,2026-09-27 17:15:14+00:00,0.16139475,True,2026_03_CAR_CLE,2026,3
613b8cd3a5fab58f7be4e3fd6f76223e,2026-09-27T17:02:57Z,CAR,CLE,betrivers,BetRivers,betrivers,total,over,OVER,36.0,-115,2026-09-27 17:15:14+00:00,0.16139475,True,2026_03_CAR_CLE,2026,3
613b8cd3a5fab58f7be4e3fd6f76223e,2026-09-27T17:02:57Z,CAR,CLE,betrivers,BetRivers,betrivers,total,under,UNDER,36.0,-113,2026-09-27 17:15:14+00:00,0.16139475,True,2026_03_CAR_CLE,2026,3
613b8cd3a5fab58f7be4e3fd6f76223e,2026-09-27T17:02:57Z,CAR,CLE,betmgm,BetMGM,betmgm,spread,away,CAR,-1.5,-108,2026-09-27 17:14:59+00:00,0.41139475000000003,True,2026_03_CAR_CLE,2026,3
613b8cd3a5fab58f7be4e3fd6f76223e,2026-09-27T17:02:57Z,CAR,CLE,betmgm,BetMGM,betmgm,spread,home,CLE,1.5,-110,2026-09-27 17:14:59+00:00,0.41139475000000003,True,2026_03_CAR_CLE,2026,3
613b8cd3a5fab58f7be4e3fd6f76223e,2026-09-27T17:02:57Z,CAR,CLE,betmgm,BetMGM,betmgm,total,over,OVER,37.5,-105,2026-09-27 17:14:59+00:00,0.41139475000000003,True,2026_03_CAR_CLE,2026,3
613b8cd3a5fab58f7be4e3fd6f76223e,2026-09-27T17:02:57Z,CAR,CLE,betmgm,BetMGM,betmgm,total,under,UNDER,37.5,-125,2026-09-27 17:14:59+00:00,0.41139475000000003,True,2026_03_CAR_CLE,2026,3
613b8cd3a5fab58f7be4e3fd6f76223e,2026-09-27T17:02:57Z,CAR,CLE,hardrockbet,Hard Rock Bet,hardrockbet,spread,away,CAR,-1.5,-110,2026-09-27 17:14:43+00:00,0.6780614166666666,True,2026_03_CAR_CLE,2026,3
613b8cd3a5fab58f7be4e3fd6f76223e,2026-09-27T17:02:57Z,CAR,CLE,hardrockbet,Hard Rock Bet,hardrockbet,spread,home,CLE,1.5,-120,2026-09-27 17:14:43+00:00,0.6780614166666666,True,2026_03_CAR_CLE,2026,3
613b8cd3a5fab58f7be4e3fd6f76223e,2026-09-27T17:02:57Z,CAR,CLE,hardrockbet,Hard Rock Bet,hardrockbet,total,over,OVER,37.5,105,2026-09-27 17:14:43+00:00,0.6780614166666666,True,2026_03_CAR_CLE,2026,3
613b8cd3a5fab58f7be4e3fd6f76223e,2026-09-27T17:02:57Z,CAR,CLE,hardrockbet,Hard Rock Bet,hardrockbet,total,under,UNDER,37.5,-135,2026-09-27 17:14:43+00:00,0.6780614166666666,True,2026_03_CAR_CLE,2026,3
613b8cd3a5fab58f7be4e3fd6f76223e,2026-09-27T17:02:57Z,CAR,CLE,espnbet,theScore Bet,thescore,spread,away,CAR,1.5,-130,2026-09-27 17:14:43+00:00,0.6780614166666666,True,2026_03_CAR_CLE,2026,3
613b8cd3a5fab58f7be4e3fd6f76223e,2026-09-27T17:02:57Z,CAR,CLE,espnbet,theScore Bet,thescore,spread,home,CLE,-1.5,100,2026-09-27 17:14:43+00:00,0.6780614166666666,True,2026_03_CAR_CLE,2026,3
613b8cd3a5fab58f7be4e3fd6f76223e,2026-09-27T17:02:57Z,CAR,CLE,espnbet,theScore Bet,thescore,total,over,OVER,36.5,-120,2026-09-27 17:14:43+00:00,0.6780614166666666,True,2026_03_CAR_CLE,2026,3
613b8cd3a5fab58f7be4e3fd6f76223e,2026-09-27T17:02:57Z,CAR,CLE,espnbet,theScore Bet,thescore,total,under,UNDER,36.5,-110,2026-09-27 17:14:43+00:00,0.6780614166666666,True,2026_03_CAR_CLE,2026,3
2a529c108305ffa049d8b6cfdbaa4d36,2026-09-27T17:03:12Z,SEA,WAS,draftkings,DraftKings,draftkings,spread,away,SEA,-7.5,-117,2026-09-27 17:14:42+00:00,0.6947280833333332,True,2026_03_SEA_WAS,2026,3
2a529c108305ffa049d8b6cfdbaa4d36,2026-09-27T17:03:12Z,SEA,WAS,draftkings,DraftKings,draftkings,spread,home,WAS,7.5,-112,2026-09-27 17:14:42+00:00,0.6947280833333332,True,2026_03_SEA_WAS,2026,3
2a529c108305ffa049d8b6cfdbaa4d36,2026-09-27T17:03:12Z,SEA,WAS,draftkings,DraftKings,draftkings,total,over,OVER,37.5,-114,2026-09-27 17:14:42+00:00,0.6947280833333332,True,2026_03_SEA_WAS,2026,3
2a529c108305ffa049d8b6cfdbaa4d36,2026-09-27T17:03:12Z,SEA,WAS,draftkings,DraftKings,draftkings,total,under,UNDER,37.5,-116,2026-09-27 17:14:42+00:00,0.6947280833333332,True,2026_03_SEA_WAS,2026,3
2a529c108305ffa049d8b6cfdbaa4d36,2026-09-27T17:03:12Z,SEA,WAS,fanduel,FanDuel,fanduel,spread,away,SEA,-7.5,-114,2026-09-27 17:15:14+00:00,0.16139475,True,2026_03_SEA_WAS,2026,3
2a529c108305ffa049d8b6cfdbaa4d36,2026-09-27T17:03:12Z,SEA,WAS,fanduel,FanDuel,fanduel,spread,home,WAS,7.5,-114,2026-09-27 17:15:14+00:00,0.16139475,True,2026_03_SEA_WAS,2026,3
2a529c108305ffa049d8b6cfdbaa4d36,2026-09-27T17:03:12Z,SEA,WAS,fanduel,FanDuel,fanduel,total,over,OVER,37.5,-106,2026-09-27 17:15:14+00:00,0.16139475,True,2026_03_SEA_WAS,2026,3
2a529c108305ffa049d8b6cfdbaa4d36,2026-09-27T17:03:12Z,SEA,WAS,fanduel,FanDuel,fanduel,total,under,UNDER,37.5,-125,2026-09-27 17:15:14+00:00,0.16139475,True,2026_03_SEA_WAS,2026,3
2a529c108305ffa049d8b6cfdbaa4d36,2026-09-27T17:03:12Z,SEA,WAS,betrivers,BetRivers,betrivers,spread,away,SEA,-7.5,-117,2026-09-27 17:15:14+00:00,0.16139475,True,2026_03_SEA_WAS,2026,3
2a529c108305ffa049d8b6cfdbaa4d36,2026-09-27T17:03:12Z,SEA,WAS,betrivers,BetRivers,betrivers,spread,home,WAS,7.5,-112,2026-09-27 17:15:14+00:00,0.16139475,True,2026_03_SEA_WAS,2026,3
2a529c108305ffa049d8b6cfdbaa4d36,2026-09-27T17:03:12Z,SEA,WAS,betrivers,BetRivers,betrivers,total,over,OVER,37.0,-117,2026-09-27 17:15:14+00:00,0.16139475,True,2026_03_SEA_WAS,2026,3
2a529c108305ffa049d8b6cfdbaa4d36,2026-09-27T17:03:12Z,SEA,WAS,betrivers,BetRivers,betrivers,total,under,UNDER,37.0,-112,2026-09-27 17:15:14+00:00,0.16139475,True,2026_03_SEA_WAS,2026,3
2a529c108305ffa049d8b6cfdbaa4d36,2026-09-27T17:03:12Z,SEA,WAS,ballybet,Bally Bet,ballybet,spread,away,SEA,-7.5,-120,2026-09-27 17:15:14+00:00,0.16139475,True,2026_03_SEA_WAS,2026,3
2a529c108305ffa049d8b6cfdbaa4d36,2026-09-27T17:03:12Z,SEA,WAS,ballybet,Bally Bet,ballybet,spread,home,WAS,7.5,-114,2026-09-27 17:15:14+00:00,0.16139475,True,2026_03_SEA_WAS,2026,3
2a529c108305ffa049d8b6cfdbaa4d36,2026-09-27T17:03:12Z,SEA,WAS,ballybet,Bally Bet,ballybet,total,over,OVER,37.0,-120,2026-09-27 17:15:14+00:00,0.16139475,True,2026_03_SEA_WAS,2026,3
2a529c108305ffa049d8b6cfdbaa4d36,2026-09-27T17:03:12Z,SEA,WAS,ballybet,Bally Bet,ballybet,total,under,UNDER,37.0,-114,2026-09-27 17:15:14+00:00,0.16139475,True,2026_03_SEA_WAS,2026,3
2a529c108305ffa049d8b6cfdbaa4d36,2026-09-27T17:03:12Z,SEA,WAS,betmgm,BetMGM,betmgm,spread,away,SEA,-7.5,-105,2026-09-27 17:15:00+00:00,0.39472808333333337,True,2026_03_SEA_WAS,2026,3
2a529c108305ffa049d8b6cfdbaa4d36,2026-09-27T17:03:12Z,SEA,WAS,betmgm,BetMGM,betmgm,spread,home,WAS,7.5,-112,2026-09-27 17:15:00+00:00,0.39472808333333337,True,2026_03_SEA_WAS,2026,3
2a529c108305ffa049d8b6cfdbaa4d36,2026-09-27T17:03:12Z,SEA,WAS,betmgm,BetMGM,betmgm,total,over,OVER,37.5,-110,2026-09-27 17:15:00+00:00,0.39472808333333337,True,2026_03_SEA_WAS,2026,3
2a529c108305ffa049d8b6cfdbaa4d36,2026-09-27T17:03:12Z,SEA,WAS,betmgm,BetMGM,betmgm,total,under,UNDER,37.5,-118,2026-09-27 17:15:00+00:00,0.39472808333333337,True,2026_03_SEA_WAS,2026,3
2a529c108305ffa049d8b6cfdbaa4d36,2026-09-27T17:03:12Z,SEA,WAS,espnbet,theScore Bet,thescore,spread,away,SEA,-7.5,-110,2026-09-27 17:14:43+00:00,0.6780614166666666,True,2026_03_SEA_WAS,2026,3
2a529c108305ffa049d8b6cfdbaa4d36,2026-09-27T17:03:12Z,SEA,WAS,espnbet,theScore Bet,thescore,spread,home,WAS,7.5,-120,2026-09-27 17:14:43+00:00,0.6780614166666666,True,2026_03_SEA_WAS,2026,3
2a529c108305ffa049d8b6cfdbaa4d36,2026-09-27T17:03:12Z,SEA,WAS,espnbet,theScore Bet,thescore,total,over,OVER,37.5,-110,2026-09-27 17:14:43+00:00,0.6780614166666666,True,2026_03_SEA_WAS,2026,3
2a529c108305ffa049d8b6cfdbaa4d36,2026-09-27T17:03:12Z,SEA,WAS,espnbet,theScore Bet,thescore,total,under,UNDER,37.5,-120,2026-09-27 17:14:43+00:00,0.6780614166666666,True,2026_03_SEA_WAS,2026,3
2a529c108305ffa049d8b6cfdbaa4d36,2026-09-27T17:03:12Z,SEA,WAS,hardrockbet,Hard Rock Bet,hardrockbet,total,over,OVER,37.5,-115,2026-09-27 17:14:43+00:00,0.6780614166666666,True,2026_03_SEA_WAS,2026,3
2a529c108305ffa049d8b6cfdbaa4d36,2026-09-27T17:03:12Z,SEA,WAS,hardrockbet,Hard Rock Bet,hardrockbet,total,under,UNDER,37.5,-115,2026-09-27 17:14:43+00:00,0.6780614166666666,True,2026_03_SEA_WAS,2026,3
17a730b7d399feeab6a78c30767c29d2,2026-09-27T17:03:23Z,HOU,IND,draftkings,DraftKings,draftkings,spread,away,HOU,1.5,-110,2026-09-27 17:14:42+00:00,0.6947280833333332,True,2026_03_HOU_IND,2026,3
17a730b7d399feeab6a78c30767c29d2,2026-09-27T17:03:23Z,HOU,IND,draftkings,DraftKings,draftkings,spread,home,IND,-1.5,-119,2026-09-27 17:14:42+00:00,0.6947280833333332,True,2026_03_HOU_IND,2026,3
17a730b7d399feeab6a78c30767c29d2,2026-09-27T17:03:23Z,HOU,IND,draftkings,DraftKings,draftkings,total,over,OVER,39.5,-110,2026-09-27 17:14:42+00:00,0.6947280833333332,True,2026_03_HOU_IND,2026,3
17a730b7d399feeab6a78c30767c29d2,2026-09-27T17:03:23Z,HOU,IND,draftkings,DraftKings,draftkings,total,under,UNDER,39.5,-119,2026-09-27 17:14:42+00:00,0.6947280833333332,True,2026_03_HOU_IND,2026,3
17a730b7d399feeab6a78c30767c29d2,2026-09-27T17:03:23Z,HOU,IND,fanduel,FanDuel,fanduel,spread,away,HOU,1.5,-112,2026-09-27 17:15:14+00:00,0.16139475,True,2026_03_HOU_IND,2026,3
17a730b7d399feeab6a78c30767c29d2,2026-09-27T17:03:23Z,HOU,IND,fanduel,FanDuel,fanduel,spread,home,IND,-1.5,-118,2026-09-27 17:15:14+00:00,0.16139475,True,2026_03_HOU_IND,2026,3
17a730b7d399feeab6a78c30767c29d2,2026-09-27T17:03:23Z,HOU,IND,fanduel,FanDuel,fanduel,total,over,OVER,38.5,-118,2026-09-27 17:15:14+00:00,0.16139475,True,2026_03_HOU_IND,2026,3
17a730b7d399feeab6a78c30767c29d2,2026-09-27T17:03:23Z,HOU,IND,fanduel,FanDuel,fanduel,total,under,UNDER,38.5,-112,2026-09-27 17:15:14+00:00,0.16139475,True,2026_03_HOU_IND,2026,3
17a730b7d399feeab6a78c30767c29d2,2026-09-27T17:03:23Z,HOU,IND,betrivers,BetRivers,betrivers,spread,away,HOU,2.5,-117,2026-09-27 17:15:14+00:00,0.16139475,True,2026_03_HOU_IND,2026,3
17a730b7d399feeab6a78c30767c29d2,2026-09-27T17:03:23Z,HOU,IND,betrivers,BetRivers,betrivers,spread,home,IND,-2.5,-112,2026-09-27 17:15:14+00:00,0.16139475,True,2026_03_HOU_IND,2026,3
17a730b7d399feeab6a78c30767c29d2,2026-09-27T17:03:23Z,HOU,IND,betrivers,BetRivers,betrivers,total,over,OVER,39.0,-112,2026-09-27 17:15:14+00:00,0.16139475,True,2026_03_HOU_IND,2026,3
17a730b7d399feeab6a78c30767c29d2,2026-09-27T17:03:23Z,HOU,IND,betrivers,BetRivers,betrivers,total,under,UNDER,39.0,-117,2026-09-27 17:15:14+00:00,0.16139475,True,2026_03_HOU_IND,2026,3
17a730b7d399feeab6a78c30767c29d2,2026-09-27T17:03:23Z,HOU,IND,ballybet,Bally Bet,ballybet,spread,away,HOU,2.5,-118,2026-09-27 17:15:14+00:00,0.16139475,True,2026_03_HOU_IND,2026,3
17a730b7d399feeab6a78c30767c29d2,2026-09-27T17:03:23Z,HOU,IND,ballybet,Bally Bet,ballybet,spread,home,IND,-2.5,-114,2026-09-27 17:15:14+00:00,0.16139475,True,2026_03_HOU_IND,2026,3
17a730b7d399feeab6a78c30767c29d2,2026-09-27T17:03:23Z,HOU,IND,ballybet,Bally Bet,ballybet,total,over,OVER,39.0,-114,2026-09-27 17:15:14+00:00,0.16139475,True,2026_03_HOU_IND,2026,3
17a730b7d399feeab6a78c30767c29d2,2026-09-27T17:03:23Z,HOU,IND,ballybet,Bally Bet,ballybet,total,under,UNDER,39.0,-120,2026-09-27 17:15:14+00:00,0.16139475,True,2026_03_HOU_IND,2026,3
17a730b7d399feeab6a78c30767c29d2,2026-09-27T17:03:23Z,HOU,IND,betmgm,BetMGM,betmgm,spread,away,HOU,2.5,-118,2026-09-27 17:15:00+00:00,0.39472808333333337,True,2026_03_HOU_IND,2026,3
17a730b7d399feeab6a78c30767c29d2,2026-09-27T17:03:23Z,HOU,IND,betmgm,BetMGM,betmgm,spread,home,IND,-2.5,-110,2026-09-27 17:15:00+00:00,0.39472808333333337,True,2026_03_HOU_IND,2026,3
17a730b7d399feeab6a78c30767c29d2,2026-09-27T17:03:23Z,HOU,IND,betmgm,BetMGM,betmgm,total,over,OVER,38.5,-112,2026-09-27 17:15:00+00:00,0.39472808333333337,True,2026_03_HOU_IND,2026,3
17a730b7d399feeab6a78c30767c29d2,2026-09-27T17:03:23Z,HOU,IND,betmgm,BetMGM,betmgm,total,under,UNDER,38.5,-115,2026-09-27 17:15:00+00:00,0.39472808333333337,True,2026_03_HOU_IND,2026,3
17a730b7d399feeab6a78c30767c29d2,2026-09-27T17:03:23Z,HOU,IND,hardrockbet,Hard Rock Bet,hardrockbet,spread,away,HOU,1.5,-110,2026-09-27 17:14:43+00:00,0.6780614166666666,True,2026_03_HOU_IND,2026,3
17a730b7d399feeab6a78c30767c29d2,2026-09-27T17:03:23Z,HOU,IND,hardrockbet,Hard Rock Bet,hardrockbet,spread,home,IND,-1.5,-120,2026-09-27 17:14:43+00:00,0.6780614166666666,True,2026_03_HOU_IND,2026,3
17a730b7d399feeab6a78c30767c29d2,2026-09-27T17:03:23Z,HOU,IND,hardrockbet,Hard Rock Bet,hardrockbet,total,over,OVER,39.5,-110,2026-09-27 17:14:43+00:00,0.6780614166666666,True,2026_03_HOU_IND,2026,3
17a730b7d399feeab6a78c30767c29d2,2026-09-27T17:03:23Z,HOU,IND,hardrockbet,Hard Rock Bet,hardrockbet,total,under,UNDER,39.5,-120,2026-09-27 17:14:43+00:00,0.6780614166666666,True,2026_03_HOU_IND,2026,3
17a730b7d399feeab6a78c30767c29d2,2026-09-27T17:03:23Z,HOU,IND,espnbet,theScore Bet,thescore,spread,away,HOU,2.5,-110,2026-09-27 17:09:50+00:00,5.561394750000001,True,2026_03_HOU_IND,2026,3
17a730b7d399feeab6a78c30767c29d2,2026-09-27T17:03:23Z,HOU,IND,espnbet,theScore Bet,thescore,spread,home,IND,-2.5,-120,2026-09-27 17:09:50+00:00,5.561394750000001,True,2026_03_HOU_IND,2026,3
17a730b7d399feeab6a78c30767c29d2,2026-09-27T17:03:23Z,HOU,IND,espnbet,theScore Bet,thescore,total,over,OVER,41.5,-120,2026-09-27 17:09:50+00:00,5.561394750000001,True,2026_03_HOU_IND,2026,3
17a730b7d399feeab6a78c30767c29d2,2026-09-27T17:03:23Z,HOU,IND,espnbet,theScore Bet,thescore,total,under,UNDER,41.5,-110,2026-09-27 17:09:50+00:00,5.561394750000001,True,2026_03_HOU_IND,2026,3
9d2b09e0f9b6dd5ce0d985894f4f98fa,2026-09-27T20:05:00Z,ARI,SF,draftkings,DraftKings,draftkings,spread,away,ARI,7.5,-110,2026-09-27 17:14:42+00:00,0.6947280833333332,True,2026_03_ARI_SF,2026,3
9d2b09e0f9b6dd5ce0d985894f4f98fa,2026-09-27T20:05:00Z,ARI,SF,draftkings,DraftKings,draftkings,spread,home,SF,-7.5,-110,2026-09-27 17:14:42+00:00,0.6947280833333332,True,2026_03_ARI_SF,2026,3
9d2b09e0f9b6dd5ce0d985894f4f98fa,2026-09-27T20:05:00Z,ARI,SF,draftkings,DraftKings,draftkings,total,over,OVER,48.5,-105,2026-09-27 17:14:42+00:00,0.6947280833333332,True,2026_03_ARI_SF,2026,3
9d2b09e0f9b6dd5ce0d985894f4f98fa,2026-09-27T20:05:00Z,ARI,SF,draftkings,DraftKings,draftkings,total,under,UNDER,48.5,-115,2026-09-27 17:14:42+00:00,0.6947280833333332,True,2026_03_ARI_SF,2026,3
9d2b09e0f9b6dd5ce0d985894f4f98fa,2026-09-27T20:05:00Z,ARI,SF,fanduel,FanDuel,fanduel,spread,away,ARI,7.5,-110,2026-09-27 17:15:14+00:00,0.16139475,True,2026_03_ARI_SF,2026,3
9d2b09e0f9b6dd5ce0d985894f4f98fa,2026-09-27T20:05:00Z,ARI,SF,fanduel,FanDuel,fanduel,spread,home,SF,-7.5,-110,2026-09-27 17:15:14+00:00,0.16139475,True,2026_03_ARI_SF,2026,3
9d2b09e0f9b6dd5ce0d985894f4f98fa,2026-09-27T20:05:00Z,ARI,SF,fanduel,FanDuel,fanduel,total,over,OVER,48.5,-105,2026-09-27 17:15:14+00:00,0.16139475,True,2026_03_ARI_SF,2026,3
9d2b09e0f9b6dd5ce0d985894f4f98fa,2026-09-27T20:05:00Z,ARI,SF,fanduel,FanDuel,fanduel,total,under,UNDER,48.5,-115,2026-09-27 17:15:14+00:00,0.16139475,True,2026_03_ARI_SF,2026,3
9d2b09e0f9b6dd5ce0d985894f4f98fa,2026-09-27T20:05:00Z,ARI,SF,betrivers,BetRivers,betrivers,spread,away,ARI,7.5,-107,2026-09-27 17:15:14+00:00,0.16139475,True,2026_03_ARI_SF,2026,3
9d2b09e0f9b6dd5ce0d985894f4f98fa,2026-09-27T20:05:00Z,ARI,SF,betrivers,BetRivers,betrivers,spread,home,SF,-7.5,-114,2026-09-27 17:15:14+00:00,0.16139475,True,2026_03_ARI_SF,2026,3
9d2b09e0f9b6dd5ce0d985894f4f98fa,2026-09-27T20:05:00Z,ARI,SF,betrivers,BetRivers,betrivers,total,over,OVER,47.5,-113,2026-09-27 17:15:14+00:00,0.16139475,True,2026_03_ARI_SF,2026,3
9d2b09e0f9b6dd5ce0d985894f4f98fa,2026-09-27T20:05:00Z,ARI,SF,betrivers,BetRivers,betrivers,total,under,UNDER,47.5,-108,2026-09-27 17:15:14+00:00,0.16139475,True,2026_03_ARI_SF,2026,3
9d2b09e0f9b6dd5ce0d985894f4f98fa,2026-09-27T20:05:00Z,ARI,SF,ballybet,Bally Bet,ballybet,spread,away,ARI,8.0,-114,2026-09-27 17:15:14+00:00,0.16139475,True,2026_03_ARI_SF,2026,3
9d2b09e0f9b6dd5ce0d985894f4f98fa,2026-09-27T20:05:00Z,ARI,SF,ballybet,Bally Bet,ballybet,spread,home,SF,-8.0,-107,2026-09-27 17:15:14+00:00,0.16139475,True,2026_03_ARI_SF,2026,3
9d2b09e0f9b6dd5ce0d985894f4f98fa,2026-09-27T20:05:00Z,ARI,SF,ballybet,Bally Bet,ballybet,total,over,OVER,47.5,-113,2026-09-27 17:15:14+00:00,0.16139475,True,2026_03_ARI_SF,2026,3
9d2b09e0f9b6dd5ce0d985894f4f98fa,2026-09-27T20:05:00Z,ARI,SF,ballybet,Bally Bet,ballybet,total,under,UNDER,47.5,-108,2026-09-27 17:15:14+00:00,0.16139475,True,2026_03_ARI_SF,2026,3
9d2b09e0f9b6dd5ce0d985894f4f98fa,2026-09-27T20:05:00Z,ARI,SF,betmgm,BetMGM,betmgm,spread,away,ARI,7.5,-105,2026-09-27 17:15:00+00:00,0.39472808333333337,True,2026_03_ARI_SF,2026,3
9d2b09e0f9b6dd5ce0d985894f4f98fa,2026-09-27T20:05:00Z,ARI,SF,betmgm,BetMGM,betmgm,spread,home,SF,-7.5,-105,2026-09-27 17:15:00+00:00,0.39472808333333337,True,2026_03_ARI_SF,2026,3
9d2b09e0f9b6dd5ce0d985894f4f98fa,2026-09-27T20:05:00Z,ARI,SF,betmgm,BetMGM,betmgm,total,over,OVER,48.5,-108,2026-09-27 17:15:00+00:00,0.39472808333333337,True,2026_03_ARI_SF,2026,3
9d2b09e0f9b6dd5ce0d985894f4f98fa,2026-09-27T20:05:00Z,ARI,SF,betmgm,BetMGM,betmgm,total,under,UNDER,48.5,-110,2026-09-27 17:15:00+00:00,0.39472808333333337,True,2026_03_ARI_SF,2026,3
9d2b09e0f9b6dd5ce0d985894f4f98fa,2026-09-27T20:05:00Z,ARI,SF,hardrockbet,Hard Rock Bet,hardrockbet,spread,away,ARI,7.5,-105,2026-09-27 17:14:43+00:00,0.6780614166666666,True,2026_03_ARI_SF,2026,3
9d2b09e0f9b6dd5ce0d985894f4f98fa,2026-09-27T20:05:00Z,ARI,SF,hardrockbet,Hard Rock Bet,hardrockbet,spread,home,SF,-7.5,-115,2026-09-27 17:14:43+00:00,0.6780614166666666,True,2026_03_ARI_SF,2026,3
9d2b09e0f9b6dd5ce0d985894f4f98fa,2026-09-27T20:05:00Z,ARI,SF,hardrockbet,Hard Rock Bet,hardrockbet,total,over,OVER,48.0,-110,2026-09-27 17:14:43+00:00,0.6780614166666666,True,2026_03_ARI_SF,2026,3
9d2b09e0f9b6dd5ce0d985894f4f98fa,2026-09-27T20:05:00Z,ARI,SF,hardrockbet,Hard Rock Bet,hardrockbet,total,under,UNDER,48.0,-110,2026-09-27 17:14:43+00:00,0.6780614166666666,True,2026_03_ARI_SF,2026,3
9d2b09e0f9b6dd5ce0d985894f4f98fa,2026-09-27T20:05:00Z,ARI,SF,espnbet,theScore Bet,thescore,spread,away,ARI,7.5,-115,2026-09-27 17:14:43+00:00,0.6780614166666666,True,2026_03_ARI_SF,2026,3
9d2b09e0f9b6dd5ce0d985894f4f98fa,2026-09-27T20:05:00Z,ARI,SF,espnbet,theScore Bet,thescore,spread,home,SF,-7.5,-105,2026-09-27 17:14:43+00:00,0.6780614166666666,True,2026_03_ARI_SF,2026,3
9d2b09e0f9b6dd5ce0d985894f4f98fa,2026-09-27T20:05:00Z,ARI,SF,espnbet,theScore Bet,thescore,total,over,OVER,48.5,100,2026-09-27 17:14:43+00:00,0.6780614166666666,True,2026_03_ARI_SF,2026,3
9d2b09e0f9b6dd5ce0d985894f4f98fa,2026-09-27T20:05:00Z,ARI,SF,espnbet,theScore Bet,thescore,total,under,UNDER,48.5,-120,2026-09-27 17:14:43+00:00,0.6780614166666666,True,2026_03_ARI_SF,2026,3
f1724dead3eab61546033032fc782375,2026-09-27T20:05:00Z,MIN,TB,draftkings,DraftKings,draftkings,spread,away,MIN,-1.5,-105,2026-09-27 17:14:42+00:00,0.6947280833333332,True,2026_03_MIN_TB,2026,3
f1724dead3eab61546033032fc782375,2026-09-27T20:05:00Z,MIN,TB,draftkings,DraftKings,draftkings,spread,home,TB,1.5,-115,2026-09-27 17:14:42+00:00,0.6947280833333332,True,2026_03_MIN_TB,2026,3
f1724dead3eab61546033032fc782375,2026-09-27T20:05:00Z,MIN,TB,draftkings,DraftKings,draftkings,total,over,OVER,42.5,-105,2026-09-27 17:14:42+00:00,0.6947280833333332,True,2026_03_MIN_TB,2026,3
f1724dead3eab61546033032fc782375,2026-09-27T20:05:00Z,MIN,TB,draftkings,DraftKings,draftkings,total,under,UNDER,42.5,-115,2026-09-27 17:14:42+00:00,0.6947280833333332,True,2026_03_MIN_TB,2026,3
f1724dead3eab61546033032fc782375,2026-09-27T20:05:00Z,MIN,TB,fanduel,FanDuel,fanduel,spread,away,MIN,-1.5,-104,2026-09-27 17:15:14+00:00,0.16139475,True,2026_03_MIN_TB,2026,3
f1724dead3eab61546033032fc782375,2026-09-27T20:05:00Z,MIN,TB,fanduel,FanDuel,fanduel,spread,home,TB,1.5,-118,2026-09-27 17:15:14+00:00,0.16139475,True,2026_03_MIN_TB,2026,3
f1724dead3eab61546033032fc782375,2026-09-27T20:05:00Z,MIN,TB,fanduel,FanDuel,fanduel,total,over,OVER,42.5,-115,2026-09-27 17:15:14+00:00,0.16139475,True,2026_03_MIN_TB,2026,3
f1724dead3eab61546033032fc782375,2026-09-27T20:05:00Z,MIN,TB,fanduel,FanDuel,fanduel,total,under,UNDER,42.5,-105,2026-09-27 17:15:14+00:00,0.16139475,True,2026_03_MIN_TB,2026,3
f1724dead3eab61546033032fc782375,2026-09-27T20:05:00Z,MIN,TB,betrivers,BetRivers,betrivers,spread,away,MIN,-1.5,-108,2026-09-27 17:15:14+00:00,0.16139475,True,2026_03_MIN_TB,2026,3
f1724dead3eab61546033032fc782375,2026-09-27T20:05:00Z,MIN,TB,betrivers,BetRivers,betrivers,spread,home,TB,1.5,-113,2026-09-27 17:15:14+00:00,0.16139475,True,2026_03_MIN_TB,2026,3
f1724dead3eab61546033032fc782375,2026-09-27T20:05:00Z,MIN,TB,betrivers,BetRivers,betrivers,total,over,OVER,42.5,-108,2026-09-27 17:15:14+00:00,0.16139475,True,2026_03_MIN_TB,2026,3
f1724dead3eab61546033032fc782375,2026-09-27T20:05:00Z,MIN,TB,betrivers,BetRivers,betrivers,total,under,UNDER,42.5,-113,2026-09-27 17:15:14+00:00,0.16139475,True,2026_03_MIN_TB,2026,3
f1724dead3eab61546033032fc782375,2026-09-27T20:05:00Z,MIN,TB,ballybet,Bally Bet,ballybet,spread,away,MIN,-1.5,-108,2026-09-27 17:15:14+00:00,0.16139475,True,2026_03_MIN_TB,2026,3
f1724dead3eab61546033032fc782375,2026-09-27T20:05:00Z,MIN,TB,ballybet,Bally Bet,ballybet,spread,home,TB,1.5,-113,2026-09-27 17:15:14+00:00,0.16139475,True,2026_03_MIN_TB,2026,3
f1724dead3eab61546033032fc782375,2026-09-27T20:05:00Z,MIN,TB,ballybet,Bally Bet,ballybet,total,over,OVER,42.5,-108,2026-09-27 17:15:14+00:00,0.16139475,True,2026_03_MIN_TB,2026,3
f1724dead3eab61546033032fc782375,2026-09-27T20:05:00Z,MIN,TB,ballybet,Bally Bet,ballybet,total,under,UNDER,42.5,-113,2026-09-27 17:15:14+00:00,0.16139475,True,2026_03_MIN_TB,2026,3
f1724dead3eab61546033032fc782375,2026-09-27T20:05:00Z,MIN,TB,betmgm,BetMGM,betmgm,spread,away,MIN,-1.0,-110,2026-09-27 17:15:00+00:00,0.39472808333333337,True,2026_03_MIN_TB,2026,3
f1724dead3eab61546033032fc782375,2026-09-27T20:05:00Z,MIN,TB,betmgm,BetMGM,betmgm,spread,home,TB,1.0,-108,2026-09-27 17:15:00+00:00,0.39472808333333337,True,2026_03_MIN_TB,2026,3
f1724dead3eab61546033032fc782375,2026-09-27T20:05:00Z,MIN,TB,betmgm,BetMGM,betmgm,total,over,OVER,42.5,-110,2026-09-27 17:15:00+00:00,0.39472808333333337,True,2026_03_MIN_TB,2026,3
f1724dead3eab61546033032fc782375,2026-09-27T20:05:00Z,MIN,TB,betmgm,BetMGM,betmgm,total,under,UNDER,42.5,-108,2026-09-27 17:15:00+00:00,0.39472808333333337,True,2026_03_MIN_TB,2026,3
f1724dead3eab61546033032fc782375,2026-09-27T20:05:00Z,MIN,TB,hardrockbet,Hard Rock Bet,hardrockbet,spread,away,MIN,-1.0,-110,2026-09-27 17:14:43+00:00,0.6780614166666666,True,2026_03_MIN_TB,2026,3
f1724dead3eab61546033032fc782375,2026-09-27T20:05:00Z,MIN,TB,hardrockbet,Hard Rock Bet,hardrockbet,spread,home,TB,1.0,-110,2026-09-27 17:14:43+00:00,0.6780614166666666,True,2026_03_MIN_TB,2026,3
f1724dead3eab61546033032fc782375,2026-09-27T20:05:00Z,MIN,TB,hardrockbet,Hard Rock Bet,hardrockbet,total,over,OVER,42.5,-115,2026-09-27 17:14:43+00:00,0.6780614166666666,True,2026_03_MIN_TB,2026,3
f1724dead3eab61546033032fc782375,2026-09-27T20:05:00Z,MIN,TB,hardrockbet,Hard Rock Bet,hardrockbet,total,under,UNDER,42.5,-105,2026-09-27 17:14:43+00:00,0.6780614166666666,True,2026_03_MIN_TB,2026,3
f1724dead3eab61546033032fc782375,2026-09-27T20:05:00Z,MIN,TB,espnbet,theScore Bet,thescore,spread,away,MIN,-1.5,100,2026-09-27 17:14:43+00:00,0.6780614166666666,True,2026_03_MIN_TB,2026,3
f1724dead3eab61546033032fc782375,2026-09-27T20:05:00Z,MIN,TB,espnbet,theScore Bet,thescore,spread,home,TB,1.5,-120,2026-09-27 17:14:43+00:00,0.6780614166666666,True,2026_03_MIN_TB,2026,3
f1724dead3eab61546033032fc782375,2026-09-27T20:05:00Z,MIN,TB,espnbet,theScore Bet,thescore,total,over,OVER,42.5,-110,2026-09-27 17:14:43+00:00,0.6780614166666666,True,2026_03_MIN_TB,2026,3
f1724dead3eab61546033032fc782375,2026-09-27T20:05:00Z,MIN,TB,espnbet,theScore Bet,thescore,total,under,UNDER,42.5,-110,2026-09-27 17:14:43+00:00,0.6780614166666666,True,2026_03_MIN_TB,2026,3
84cfca14efc21363fd605508404cf1ff,2026-09-27T20:25:00Z,BAL,DAL,draftkings,DraftKings,draftkings,spread,away,BAL,-3.5,-105,2026-09-27 17:14:42+00:00,0.6947280833333332,True,2026_03_BAL_DAL,2026,3
84cfca14efc21363fd605508404cf1ff,2026-09-27T20:25:00Z,BAL,DAL,draftkings,DraftKings,draftkings,spread,home,DAL,3.5,-115,2026-09-27 17:14:42+00:00,0.6947280833333332,True,2026_03_BAL_DAL,2026,3
84cfca14efc21363fd605508404cf1ff,2026-09-27T20:25:00Z,BAL,DAL,draftkings,DraftKings,draftkings,total,over,OVER,53.5,-108,2026-09-27 17:14:42+00:00,0.6947280833333332,True,2026_03_BAL_DAL,2026,3
84cfca14efc21363fd605508404cf1ff,2026-09-27T20:25:00Z,BAL,DAL,draftkings,DraftKings,draftkings,total,under,UNDER,53.5,-112,2026-09-27 17:14:42+00:00,0.6947280833333332,True,2026_03_BAL_DAL,2026,3
84cfca14efc21363fd605508404cf1ff,2026-09-27T20:25:00Z,BAL,DAL,fanduel,FanDuel,fanduel,spread,away,BAL,-3.5,-102,2026-09-27 17:15:14+00:00,0.16139475,True,2026_03_BAL_DAL,2026,3
84cfca14efc21363fd605508404cf1ff,2026-09-27T20:25:00Z,BAL,DAL,fanduel,FanDuel,fanduel,spread,home,DAL,3.5,-120,2026-09-27 17:15:14+00:00,0.16139475,True,2026_03_BAL_DAL,2026,3
84cfca14efc21363fd605508404cf1ff,2026-09-27T20:25:00Z,BAL,DAL,fanduel,FanDuel,fanduel,total,over,OVER,52.5,-114,2026-09-27 17:15:14+00:00,0.16139475,True,2026_03_BAL_DAL,2026,3
84cfca14efc21363fd605508404cf1ff,2026-09-27T20:25:00Z,BAL,DAL,fanduel,FanDuel,fanduel,total,under,UNDER,52.5,-106,2026-09-27 17:15:14+00:00,0.16139475,True,2026_03_BAL_DAL,2026,3
84cfca14efc21363fd605508404cf1ff,2026-09-27T20:25:00Z,BAL,DAL,betmgm,BetMGM,betmgm,spread,away,BAL,-3.5,100,2026-09-27 17:15:00+00:00,0.39472808333333337,True,2026_03_BAL_DAL,2026,3
84cfca14efc21363fd605508404cf1ff,2026-09-27T20:25:00Z,BAL,DAL,betmgm,BetMGM,betmgm,spread,home,DAL,3.5,-110,2026-09-27 17:15:00+00:00,0.39472808333333337,True,2026_03_BAL_DAL,2026,3
84cfca14efc21363fd605508404cf1ff,2026-09-27T20:25:00Z,BAL,DAL,betmgm,BetMGM,betmgm,total,over,OVER,53.5,-108,2026-09-27 17:15:00+00:00,0.39472808333333337,True,2026_03_BAL_DAL,2026,3
84cfca14efc21363fd605508404cf1ff,2026-09-27T20:25:00Z,BAL,DAL,betmgm,BetMGM,betmgm,total,under,UNDER,53.5,-110,2026-09-27 17:15:00+00:00,0.39472808333333337,True,2026_03_BAL_DAL,2026,3
84cfca14efc21363fd605508404cf1ff,2026-09-27T20:25:00Z,BAL,DAL,espnbet,theScore Bet,thescore,spread,away,BAL,-3.5,-105,2026-09-27 17:14:43+00:00,0.6780614166666666,True,2026_03_BAL_DAL,2026,3
84cfca14efc21363fd605508404cf1ff,2026-09-27T20:25:00Z,BAL,DAL,espnbet,theScore Bet,thescore,spread,home,DAL,3.5,-115,2026-09-27 17:14:43+00:00,0.6780614166666666,True,2026_03_BAL_DAL,2026,3
84cfca14efc21363fd605508404cf1ff,2026-09-27T20:25:00Z,BAL,DAL,espnbet,theScore Bet,thescore,total,over,OVER,53.5,-105,2026-09-27 17:14:43+00:00,0.6780614166666666,True,2026_03_BAL_DAL,2026,3
84cfca14efc21363fd605508404cf1ff,2026-09-27T20:25:00Z,BAL,DAL,espnbet,theScore Bet,thescore,total,under,UNDER,53.5,-115,2026-09-27 17:14:43+00:00,0.6780614166666666,True,2026_03_BAL_DAL,2026,3
84cfca14efc21363fd605508404cf1ff,2026-09-27T20:25:00Z,BAL,DAL,ballybet,Bally Bet,ballybet,spread,away,BAL,-3.5,-104,2026-09-27 17:15:14+00:00,0.16139475,True,2026_03_BAL_DAL,2026,3
84cfca14efc21363fd605508404cf1ff,2026-09-27T20:25:00Z,BAL,DAL,ballybet,Bally Bet,ballybet,spread,home,DAL,3.5,-118,2026-09-27 17:15:14+00:00,0.16139475,True,2026_03_BAL_DAL,2026,3
84cfca14efc21363fd605508404cf1ff,2026-09-27T20:25:00Z,BAL,DAL,ballybet,Bally Bet,ballybet,total,over,OVER,53.0,-108,2026-09-27 17:15:14+00:00,0.16139475,True,2026_03_BAL_DAL,2026,3
84cfca14efc21363fd605508404cf1ff,2026-09-27T20:25:00Z,BAL,DAL,ballybet,Bally Bet,ballybet,total,under,UNDER,53.0,-113,2026-09-27 17:15:14+00:00,0.16139475,True,2026_03_BAL_DAL,2026,3
84cfca14efc21363fd605508404cf1ff,2026-09-27T20:25:00Z,BAL,DAL,betrivers,BetRivers,betrivers,spread,away,BAL,-3.5,-104,2026-09-27 17:15:14+00:00,0.16139475,True,2026_03_BAL_DAL,2026,3
84cfca14efc21363fd605508404cf1ff,2026-09-27T20:25:00Z,BAL,DAL,betrivers,BetRivers,betrivers,spread,home,DAL,3.5,-118,2026-09-27 17:15:14+00:00,0.16139475,True,2026_03_BAL_DAL,2026,3
84cfca14efc21363fd605508404cf1ff,2026-09-27T20:25:00Z,BAL,DAL,betrivers,BetRivers,betrivers,total,over,OVER,53.0,-108,2026-09-27 17:15:14+00:00,0.16139475,True,2026_03_BAL_DAL,2026,3
84cfca14efc21363fd605508404cf1ff,2026-09-27T20:25:00Z,BAL,DAL,betrivers,BetRivers,betrivers,total,under,UNDER,53.0,-113,2026-09-27 17:15:14+00:00,0.16139475,True,2026_03_BAL_DAL,2026,3
84cfca14efc21363fd605508404cf1ff,2026-09-27T20:25:00Z,BAL,DAL,hardrockbet,Hard Rock Bet,hardrockbet,spread,away,BAL,-3.5,-105,2026-09-27 17:14:43+00:00,0.6780614166666666,True,2026_03_BAL_DAL,2026,3
84cfca14efc21363fd605508404cf1ff,2026-09-27T20:25:00Z,BAL,DAL,hardrockbet,Hard Rock Bet,hardrockbet,spread,home,DAL,3.5,-115,2026-09-27 17:14:43+00:00,0.6780614166666666,True,2026_03_BAL_DAL,2026,3
84cfca14efc21363fd605508404cf1ff,2026-09-27T20:25:00Z,BAL,DAL,hardrockbet,Hard Rock Bet,hardrockbet,total,over,OVER,53.0,-115,2026-09-27 17:14:43+00:00,0.6780614166666666,True,2026_03_BAL_DAL,2026,3
84cfca14efc21363fd605508404cf1ff,2026-09-27T20:25:00Z,BAL,DAL,hardrockbet,Hard Rock Bet,hardrockbet,total,under,UNDER,53.0,-105,2026-09-27 17:14:43+00:00,0.6780614166666666,True,2026_03_BAL_DAL,2026,3
2e523fcb0497aa689473e290eb2b97de,2026-09-27T20:25:00Z,LV,NO,draftkings,DraftKings,draftkings,spread,away,LV,3.5,-118,2026-09-27 17:14:42+00:00,0.6947280833333332,True,2026_03_LV_NO,2026,3
2e523fcb0497aa689473e290eb2b97de,2026-09-27T20:25:00Z,LV,NO,draftkings,DraftKings,draftkings,spread,home,NO,-3.5,-102,2026-09-27 17:14:42+00:00,0.6947280833333332,True,2026_03_LV_NO,2026,3
2e523fcb0497aa689473e290eb2b97de,2026-09-27T20:25:00Z,LV,NO,draftkings,DraftKings,draftkings,total,over,OVER,43.5,-118,2026-09-27 17:14:42+00:00,0.6947280833333332,True,2026_03_LV_NO,2026,3
2e523fcb0497aa689473e290eb2b97de,2026-09-27T20:25:00Z,LV,NO,draftkings,DraftKings,draftkings,total,under,UNDER,43.5,-102,2026-09-27 17:14:42+00:00,0.6947280833333332,True,2026_03_LV_NO,2026,3
2e523fcb0497aa689473e290eb2b97de,2026-09-27T20:25:00Z,LV,NO,fanduel,FanDuel,fanduel,spread,away,LV,3.5,-118,2026-09-27 17:15:14+00:00,0.16139475,True,2026_03_LV_NO,2026,3
2e523fcb0497aa689473e290eb2b97de,2026-09-27T20:25:00Z,LV,NO,fanduel,FanDuel,fanduel,spread,home,NO,-3.5,-104,2026-09-27 17:15:14+00:00,0.16139475,True,2026_03_LV_NO,2026,3
2e523fcb0497aa689473e290eb2b97de,2026-09-27T20:25:00Z,LV,NO,fanduel,FanDuel,fanduel,total,over,OVER,43.5,-115,2026-09-27 17:15:14+00:00,0.16139475,True,2026_03_LV_NO,2026,3
2e523fcb0497aa689473e290eb2b97de,2026-09-27T20:25:00Z,LV,NO,fanduel,FanDuel,fanduel,total,under,UNDER,43.5,-105,2026-09-27 17:15:14+00:00,0.16139475,True,2026_03_LV_NO,2026,3
2e523fcb0497aa689473e290eb2b97de,2026-09-27T20:25:00Z,LV,NO,ballybet,Bally Bet,ballybet,spread,away,LV,3.0,-104,2026-09-27 17:15:14+00:00,0.16139475,True,2026_03_LV_NO,2026,3
2e523fcb0497aa689473e290eb2b97de,2026-09-27T20:25:00Z,LV,NO,ballybet,Bally Bet,ballybet,spread,home,NO,-3.0,-118,2026-09-27 17:15:14+00:00,0.16139475,True,2026_03_LV_NO,2026,3
2e523fcb0497aa689473e290eb2b97de,2026-09-27T20:25:00Z,LV,NO,ballybet,Bally Bet,ballybet,total,over,OVER,44.0,-109,2026-09-27 17:15:14+00:00,0.16139475,True,2026_03_LV_NO,2026,3
2e523fcb0497aa689473e290eb2b97de,2026-09-27T20:25:00Z,LV,NO,ballybet,Bally Bet,ballybet,total,under,UNDER,44.0,-112,2026-09-27 17:15:14+00:00,0.16139475,True,2026_03_LV_NO,2026,3
2e523fcb0497aa689473e290eb2b97de,2026-09-27T20:25:00Z,LV,NO,betrivers,BetRivers,betrivers,spread,away,LV,3.0,-104,2026-09-27 17:15:14+00:00,0.16139475,True,2026_03_LV_NO,2026,3
2e523fcb0497aa689473e290eb2b97de,2026-09-27T20:25:00Z,LV,NO,betrivers,BetRivers,betrivers,spread,home,NO,-3.0,-118,2026-09-27 17:15:14+00:00,0.16139475,True,2026_03_LV_NO,2026,3
2e523fcb0497aa689473e290eb2b97de,2026-09-27T20:25:00Z,LV,NO,betrivers,BetRivers,betrivers,total,over,OVER,44.0,-109,2026-09-27 17:15:14+00:00,0.16139475,True,2026_03_LV_NO,2026,3
2e523fcb0497aa689473e290eb2b97de,2026-09-27T20:25:00Z,LV,NO,betrivers,BetRivers,betrivers,total,under,UNDER,44.0,-112,2026-09-27 17:15:14+00:00,0.16139475,True,2026_03_LV_NO,2026,3
2e523fcb0497aa689473e290eb2b97de,2026-09-27T20:25:00Z,LV,NO,betmgm,BetMGM,betmgm,spread,away,LV,3.5,-118,2026-09-27 17:15:00+00:00,0.39472808333333337,True,2026_03_LV_NO,2026,3
2e523fcb0497aa689473e290eb2b97de,2026-09-27T20:25:00Z,LV,NO,betmgm,BetMGM,betmgm,spread,home,NO,-3.5,-102,2026-09-27 17:15:00+00:00,0.39472808333333337,True,2026_03_LV_NO,2026,3
2e523fcb0497aa689473e290eb2b97de,2026-09-27T20:25:00Z,LV,NO,betmgm,BetMGM,betmgm,total,over,OVER,44.0,-105,2026-09-27 17:15:00+00:00,0.39472808333333337,True,2026_03_LV_NO,2026,3
2e523fcb0497aa689473e290eb2b97de,2026-09-27T20:25:00Z,LV,NO,betmgm,BetMGM,betmgm,total,under,UNDER,44.0,-112,2026-09-27 17:15:00+00:00,0.39472808333333337,True,2026_03_LV_NO,2026,3
2e523fcb0497aa689473e290eb2b97de,2026-09-27T20:25:00Z,LV,NO,hardrockbet,Hard Rock Bet,hardrockbet,spread,away,LV,3.5,-115,2026-09-27 17:14:43+00:00,0.6780614166666666,True,2026_03_LV_NO,2026,3
2e523fcb0497aa689473e290eb2b97de,2026-09-27T20:25:00Z,LV,NO,hardrockbet,Hard Rock Bet,hardrockbet,spread,home,NO,-3.5,-105,2026-09-27 17:14:43+00:00,0.6780614166666666,True,2026_03_LV_NO,2026,3
2e523fcb0497aa689473e290eb2b97de,2026-09-27T20:25:00Z,LV,NO,hardrockbet,Hard Rock Bet,hardrockbet,total,over,OVER,43.5,-115,2026-09-27 17:14:43+00:00,0.6780614166666666,True,2026_03_LV_NO,2026,3
2e523fcb0497aa689473e290eb2b97de,2026-09-27T20:25:00Z,LV,NO,hardrockbet,Hard Rock Bet,hardrockbet,total,under,UNDER,43.5,-105,2026-09-27 17:14:43+00:00,0.6780614166666666,True,2026_03_LV_NO,2026,3
2e523fcb0497aa689473e290eb2b97de,2026-09-27T20:25:00Z,LV,NO,espnbet,theScore Bet,thescore,spread,away,LV,3.5,-120,2026-09-27 17:14:43+00:00,0.6780614166666666,True,2026_03_LV_NO,2026,3
2e523fcb0497aa689473e290eb2b97de,2026-09-27T20:25:00Z,LV,NO,espnbet,theScore Bet,thescore,spread,home,NO,-3.5,100,2026-09-27 17:14:43+00:00,0.6780614166666666,True,2026_03_LV_NO,2026,3
2e523fcb0497aa689473e290eb2b97de,2026-09-27T20:25:00Z,LV,NO,espnbet,theScore Bet,thescore,total,over,OVER,43.5,-110,2026-09-27 17:14:43+00:00,0.6780614166666666,True,2026_03_LV_NO,2026,3
2e523fcb0497aa689473e290eb2b97de,2026-09-27T20:25:00Z,LV,NO,espnbet,theScore Bet,thescore,total,under,UNDER,43.5,-110,2026-09-27 17:14:43+00:00,0.6780614166666666,True,2026_03_LV_NO,2026,3
3bfd8bfb4b8e9a365a0877879b73b16b,2026-09-28T00:20:00Z,LA,DEN,draftkings,DraftKings,draftkings,spread,home,DEN,1.5,-108,2026-09-27 17:14:42+00:00,0.6947280833333332,True,2026_03_LA_DEN,2026,3
3bfd8bfb4b8e9a365a0877879b73b16b,2026-09-28T00:20:00Z,LA,DEN,draftkings,DraftKings,draftkings,spread,away,LA,-1.5,-112,2026-09-27 17:14:42+00:00,0.6947280833333332,True,2026_03_LA_DEN,2026,3
3bfd8bfb4b8e9a365a0877879b73b16b,2026-09-28T00:20:00Z,LA,DEN,draftkings,DraftKings,draftkings,total,over,OVER,44.5,-102,2026-09-27 17:14:42+00:00,0.6947280833333332,True,2026_03_LA_DEN,2026,3
3bfd8bfb4b8e9a365a0877879b73b16b,2026-09-28T00:20:00Z,LA,DEN,draftkings,DraftKings,draftkings,total,under,UNDER,44.5,-118,2026-09-27 17:14:42+00:00,0.6947280833333332,True,2026_03_LA_DEN,2026,3
3bfd8bfb4b8e9a365a0877879b73b16b,2026-09-28T00:20:00Z,LA,DEN,fanduel,FanDuel,fanduel,spread,home,DEN,2.5,-118,2026-09-27 17:15:14+00:00,0.16139475,True,2026_03_LA_DEN,2026,3
3bfd8bfb4b8e9a365a0877879b73b16b,2026-09-28T00:20:00Z,LA,DEN,fanduel,FanDuel,fanduel,spread,away,LA,-2.5,-104,2026-09-27 17:15:14+00:00,0.16139475,True,2026_03_LA_DEN,2026,3
3bfd8bfb4b8e9a365a0877879b73b16b,2026-09-28T00:20:00Z,LA,DEN,fanduel,FanDuel,fanduel,total,over,OVER,44.5,-105,2026-09-27 17:15:14+00:00,0.16139475,True,2026_03_LA_DEN,2026,3
3bfd8bfb4b8e9a365a0877879b73b16b,2026-09-28T00:20:00Z,LA,DEN,fanduel,FanDuel,fanduel,total,under,UNDER,44.5,-115,2026-09-27 17:15:14+00:00,0.16139475,True,2026_03_LA_DEN,2026,3
3bfd8bfb4b8e9a365a0877879b73b16b,2026-09-28T00:20:00Z,LA,DEN,ballybet,Bally Bet,ballybet,spread,home,DEN,2.0,-112,2026-09-27 17:15:14+00:00,0.16139475,True,2026_03_LA_DEN,2026,3
3bfd8bfb4b8e9a365a0877879b73b16b,2026-09-28T00:20:00Z,LA,DEN,ballybet,Bally Bet,ballybet,spread,away,LA,-2.0,-109,2026-09-27 17:15:14+00:00,0.16139475,True,2026_03_LA_DEN,2026,3
3bfd8bfb4b8e9a365a0877879b73b16b,2026-09-28T00:20:00Z,LA,DEN,ballybet,Bally Bet,ballybet,total,over,OVER,44.0,-114,2026-09-27 17:15:14+00:00,0.16139475,True,2026_03_LA_DEN,2026,3
3bfd8bfb4b8e9a365a0877879b73b16b,2026-09-28T00:20:00Z,LA,DEN,ballybet,Bally Bet,ballybet,total,under,UNDER,44.0,-107,2026-09-27 17:15:14+00:00,0.16139475,True,2026_03_LA_DEN,2026,3
3bfd8bfb4b8e9a365a0877879b73b16b,2026-09-28T00:20:00Z,LA,DEN,betrivers,BetRivers,betrivers,spread,home,DEN,2.0,-112,2026-09-27 17:15:14+00:00,0.16139475,True,2026_03_LA_DEN,2026,3
3bfd8bfb4b8e9a365a0877879b73b16b,2026-09-28T00:20:00Z,LA,DEN,betrivers,BetRivers,betrivers,spread,away,LA,-2.0,-109,2026-09-27 17:15:14+00:00,0.16139475,True,2026_03_LA_DEN,2026,3
3bfd8bfb4b8e9a365a0877879b73b16b,2026-09-28T00:20:00Z,LA,DEN,betrivers,BetRivers,betrivers,total,over,OVER,44.0,-114,2026-09-27 17:15:14+00:00,0.16139475,True,2026_03_LA_DEN,2026,3
3bfd8bfb4b8e9a365a0877879b73b16b,2026-09-28T00:20:00Z,LA,DEN,betrivers,BetRivers,betrivers,total,under,UNDER,44.0,-107,2026-09-27 17:15:14+00:00,0.16139475,True,2026_03_LA_DEN,2026,3
3bfd8bfb4b8e9a365a0877879b73b16b,2026-09-28T00:20:00Z,LA,DEN,betmgm,BetMGM,betmgm,spread,home,DEN,1.5,-108,2026-09-27 17:15:00+00:00,0.39472808333333337,True,2026_03_LA_DEN,2026,3
3bfd8bfb4b8e9a365a0877879b73b16b,2026-09-28T00:20:00Z,LA,DEN,betmgm,BetMGM,betmgm,spread,away,LA,-1.5,-110,2026-09-27 17:15:00+00:00,0.39472808333333337,True,2026_03_LA_DEN,2026,3
3bfd8bfb4b8e9a365a0877879b73b16b,2026-09-28T00:20:00Z,LA,DEN,betmgm,BetMGM,betmgm,total,over,OVER,44.0,-110,2026-09-27 17:15:00+00:00,0.39472808333333337,True,2026_03_LA_DEN,2026,3
3bfd8bfb4b8e9a365a0877879b73b16b,2026-09-28T00:20:00Z,LA,DEN,betmgm,BetMGM,betmgm,total,under,UNDER,44.0,-108,2026-09-27 17:15:00+00:00,0.39472808333333337,True,2026_03_LA_DEN,2026,3
3bfd8bfb4b8e9a365a0877879b73b16b,2026-09-28T00:20:00Z,LA,DEN,hardrockbet,Hard Rock Bet,hardrockbet,spread,home,DEN,1.5,-105,2026-09-27 17:14:43+00:00,0.6780614166666666,True,2026_03_LA_DEN,2026,3
3bfd8bfb4b8e9a365a0877879b73b16b,2026-09-28T00:20:00Z,LA,DEN,hardrockbet,Hard Rock Bet,hardrockbet,spread,away,LA,-1.5,-115,2026-09-27 17:14:43+00:00,0.6780614166666666,True,2026_03_LA_DEN,2026,3
3bfd8bfb4b8e9a365a0877879b73b16b,2026-09-28T00:20:00Z,LA,DEN,hardrockbet,Hard Rock Bet,hardrockbet,total,over,OVER,44.0,-110,2026-09-27 17:14:43+00:00,0.6780614166666666,True,2026_03_LA_DEN,2026,3
3bfd8bfb4b8e9a365a0877879b73b16b,2026-09-28T00:20:00Z,LA,DEN,hardrockbet,Hard Rock Bet,hardrockbet,total,under,UNDER,44.0,-110,2026-09-27 17:14:43+00:00,0.6780614166666666,True,2026_03_LA_DEN,2026,3
3bfd8bfb4b8e9a365a0877879b73b16b,2026-09-28T00:20:00Z,LA,DEN,espnbet,theScore Bet,thescore,spread,home,DEN,1.5,-110,2026-09-27 17:14:43+00:00,0.6780614166666666,True,2026_03_LA_DEN,2026,3
3bfd8bfb4b8e9a365a0877879b73b16b,2026-09-28T00:20:00Z,LA,DEN,espnbet,theScore Bet,thescore,spread,away,LA,-1.5,-110,2026-09-27 17:14:43+00:00,0.6780614166666666,True,2026_03_LA_DEN,2026,3
3bfd8bfb4b8e9a365a0877879b73b16b,2026-09-28T00:20:00Z,LA,DEN,espnbet,theScore Bet,thescore,total,over,OVER,43.5,-120,2026-09-27 17:14:43+00:00,0.6780614166666666,True,2026_03_LA_DEN,2026,3
3bfd8bfb4b8e9a365a0877879b73b16b,2026-09-28T00:20:00Z,LA,DEN,espnbet,theScore Bet,thescore,total,under,UNDER,43.5,100,2026-09-27 17:14:43+00:00,0.6780614166666666,True,2026_03_LA_DEN,2026,3
47dc7baa254659f3beb2ed2b38c207b6,2026-09-29T00:15:00Z,PHI,CHI,draftkings,DraftKings,draftkings,spread,home,CHI,4.5,-110,2026-09-27 17:14:42+00:00,0.6947280833333332,True,2026_03_PHI_CHI,2026,3
47dc7baa254659f3beb2ed2b38c207b6,2026-09-29T00:15:00Z,PHI,CHI,draftkings,DraftKings,draftkings,spread,away,PHI,-4.5,-110,2026-09-27 17:14:42+00:00,0.6947280833333332,True,2026_03_PHI_CHI,2026,3
47dc7baa254659f3beb2ed2b38c207b6,2026-09-29T00:15:00Z,PHI,CHI,draftkings,DraftKings,draftkings,total,over,OVER,41.5,-105,2026-09-27 17:14:42+00:00,0.6947280833333332,True,2026_03_PHI_CHI,2026,3
47dc7baa254659f3beb2ed2b38c207b6,2026-09-29T00:15:00Z,PHI,CHI,draftkings,DraftKings,draftkings,total,under,UNDER,41.5,-115,2026-09-27 17:14:42+00:00,0.6947280833333332,True,2026_03_PHI_CHI,2026,3
47dc7baa254659f3beb2ed2b38c207b6,2026-09-29T00:15:00Z,PHI,CHI,fanduel,FanDuel,fanduel,spread,home,CHI,4.5,-110,2026-09-27 17:15:14+00:00,0.16139475,True,2026_03_PHI_CHI,2026,3
47dc7baa254659f3beb2ed2b38c207b6,2026-09-29T00:15:00Z,PHI,CHI,fanduel,FanDuel,fanduel,spread,away,PHI,-4.5,-110,2026-09-27 17:15:14+00:00,0.16139475,True,2026_03_PHI_CHI,2026,3
47dc7baa254659f3beb2ed2b38c207b6,2026-09-29T00:15:00Z,PHI,CHI,fanduel,FanDuel,fanduel,total,over,OVER,41.5,-110,2026-09-27 17:15:14+00:00,0.16139475,True,2026_03_PHI_CHI,2026,3
47dc7baa254659f3beb2ed2b38c207b6,2026-09-29T00:15:00Z,PHI,CHI,fanduel,FanDuel,fanduel,total,under,UNDER,41.5,-110,2026-09-27 17:15:14+00:00,0.16139475,True,2026_03_PHI_CHI,2026,3
47dc7baa254659f3beb2ed2b38c207b6,2026-09-29T00:15:00Z,PHI,CHI,ballybet,Bally Bet,ballybet,spread,home,CHI,3.5,-110,2026-09-27 17:15:14+00:00,0.16139475,True,2026_03_PHI_CHI,2026,3
47dc7baa254659f3beb2ed2b38c207b6,2026-09-29T00:15:00Z,PHI,CHI,ballybet,Bally Bet,ballybet,spread,away,PHI,-3.5,-110,2026-09-27 17:15:14+00:00,0.16139475,True,2026_03_PHI_CHI,2026,3
47dc7baa254659f3beb2ed2b38c207b6,2026-09-29T00:15:00Z,PHI,CHI,ballybet,Bally Bet,ballybet,total,over,OVER,42.0,-109,2026-09-27 17:15:14+00:00,0.16139475,True,2026_03_PHI_CHI,2026,3
47dc7baa254659f3beb2ed2b38c207b6,2026-09-29T00:15:00Z,PHI,CHI,ballybet,Bally Bet,ballybet,total,under,UNDER,42.0,-112,2026-09-27 17:15:14+00:00,0.16139475,True,2026_03_PHI_CHI,2026,3
47dc7baa254659f3beb2ed2b38c207b6,2026-09-29T00:15:00Z,PHI,CHI,betrivers,BetRivers,betrivers,spread,home,CHI,3.5,-110,2026-09-27 17:15:14+00:00,0.16139475,True,2026_03_PHI_CHI,2026,3
47dc7baa254659f3beb2ed2b38c207b6,2026-09-29T00:15:00Z,PHI,CHI,betrivers,BetRivers,betrivers,spread,away,PHI,-3.5,-110,2026-09-27 17:15:14+00:00,0.16139475,True,2026_03_PHI_CHI,2026,3
47dc7baa254659f3beb2ed2b38c207b6,2026-09-29T00:15:00Z,PHI,CHI,betrivers,BetRivers,betrivers,total,over,OVER,42.0,-109,2026-09-27 17:15:14+00:00,0.16139475,True,2026_03_PHI_CHI,2026,3
47dc7baa254659f3beb2ed2b38c207b6,2026-09-29T00:15:00Z,PHI,CHI,betrivers,BetRivers,betrivers,total,under,UNDER,42.0,-112,2026-09-27 17:15:14+00:00,0.16139475,True,2026_03_PHI_CHI,2026,3
47dc7baa254659f3beb2ed2b38c207b6,2026-09-29T00:15:00Z,PHI,CHI,betmgm,BetMGM,betmgm,spread,home,CHI,4.0,-108,2026-09-27 17:15:00+00:00,0.39472808333333337,True,2026_03_PHI_CHI,2026,3
47dc7baa254659f3beb2ed2b38c207b6,2026-09-29T00:15:00Z,PHI,CHI,betmgm,BetMGM,betmgm,spread,away,PHI,-4.0,-110,2026-09-27 17:15:00+00:00,0.39472808333333337,True,2026_03_PHI_CHI,2026,3
47dc7baa254659f3beb2ed2b38c207b6,2026-09-29T00:15:00Z,PHI,CHI,betmgm,BetMGM,betmgm,total,over,OVER,41.5,-108,2026-09-27 17:15:00+00:00,0.39472808333333337,True,2026_03_PHI_CHI,2026,3
47dc7baa254659f3beb2ed2b38c207b6,2026-09-29T00:15:00Z,PHI,CHI,betmgm,BetMGM,betmgm,total,under,UNDER,41.5,-110,2026-09-27 17:15:00+00:00,0.39472808333333337,True,2026_03_PHI_CHI,2026,3
47dc7baa254659f3beb2ed2b38c207b6,2026-09-29T00:15:00Z,PHI,CHI,espnbet,theScore Bet,thescore,spread,home,CHI,4.5,-110,2026-09-27 17:14:43+00:00,0.6780614166666666,True,2026_03_PHI_CHI,2026,3
47dc7baa254659f3beb2ed2b38c207b6,2026-09-29T00:15:00Z,PHI,CHI,espnbet,theScore Bet,thescore,spread,away,PHI,-4.5,-110,2026-09-27 17:14:43+00:00,0.6780614166666666,True,2026_03_PHI_CHI,2026,3
47dc7baa254659f3beb2ed2b38c207b6,2026-09-29T00:15:00Z,PHI,CHI,espnbet,theScore Bet,thescore,total,over,OVER,41.5,-110,2026-09-27 17:14:43+00:00,0.6780614166666666,True,2026_03_PHI_CHI,2026,3
47dc7baa254659f3beb2ed2b38c207b6,2026-09-29T00:15:00Z,PHI,CHI,espnbet,theScore Bet,thescore,total,under,UNDER,41.5,-110,2026-09-27 17:14:43+00:00,0.6780614166666666,True,2026_03_PHI_CHI,2026,3
47dc7baa254659f3beb2ed2b38c207b6,2026-09-29T00:15:00Z,PHI,CHI,hardrockbet,Hard Rock Bet,hardrockbet,spread,home,CHI,4.0,-110,2026-09-27 17:14:43+00:00,0.6780614166666666,True,2026_03_PHI_CHI,2026,3
47dc7baa254659f3beb2ed2b38c207b6,2026-09-29T00:15:00Z,PHI,CHI,hardrockbet,Hard Rock Bet,hardrockbet,spread,away,PHI,-4.0,-110,2026-09-27 17:14:43+00:00,0.6780614166666666,True,2026_03_PHI_CHI,2026,3
47dc7baa254659f3beb2ed2b38c207b6,2026-09-29T00:15:00Z,PHI,CHI,hardrockbet,Hard Rock Bet,hardrockbet,total,over,OVER,41.5,-110,2026-09-27 17:14:43+00:00,0.6780614166666666,True,2026_03_PHI_CHI,2026,3
47dc7baa254659f3beb2ed2b38c207b6,2026-09-29T00:15:00Z,PHI,CHI,hardrockbet,Hard Rock Bet,hardrockbet,total,under,UNDER,41.5,-110,2026-09-27 17:14:43+00:00,0.6780614166666666,True,2026_03_PHI_CHI,2026,3
